ID	nameID	provisional	accordingTo	accordingToID	accordingToDate	fossil	recent	genus	family
9	9	0	Calonje M., Stanberg L. & Stevenson D.	0000-0001-9650-3136;;0000-0002-2986-7076	2019-02-15	0	1	Bowenia	Zamiaceae
10	10	0	Calonje M., Stanberg L. & Stevenson D.	0000-0001-9650-3136;;0000-0002-2986-7076	2019-02-15	0	1	Bowenia	Zamiaceae
16	16	0	Calonje M., Stanberg L. & Stevenson D.	0000-0001-9650-3136;;0000-0002-2986-7076	2019-02-15	0	1	Ceratozamia	Zamiaceae
19	19	0	Calonje M., Stanberg L. & Stevenson D.	0000-0001-9650-3136;;0000-0002-2986-7076	2019-02-15	0	1	Ceratozamia	Zamiaceae
818	818	0	Calonje M., Stanberg L. & Stevenson D.	0000-0001-9650-3136;;0000-0002-2986-7076	2019-02-15	0	1	Ceratozamia	Zamiaceae
20	20	0	Calonje M., Stanberg L. & Stevenson D.	0000-0001-9650-3136;;0000-0002-2986-7076	2019-02-15	0	1	Ceratozamia	Zamiaceae
21	21	0	Calonje M., Stanberg L. & Stevenson D.	0000-0001-9650-3136;;0000-0002-2986-7076	2019-02-15	0	1	Ceratozamia	Zamiaceae
632	632	0	Calonje M., Stanberg L. & Stevenson D.	0000-0001-9650-3136;;0000-0002-2986-7076	2019-02-15	0	1	Ceratozamia	Zamiaceae
22	22	0	Calonje M., Stanberg L. & Stevenson D.	0000-0001-9650-3136;;0000-0002-2986-7076	2019-02-15	0	1	Ceratozamia	Zamiaceae
374	374	0	Calonje M., Stanberg L. & Stevenson D.	0000-0001-9650-3136;;0000-0002-2986-7076	2019-02-15	0	1	Ceratozamia	Zamiaceae
24	24	0	Calonje M., Stanberg L. & Stevenson D.	0000-0001-9650-3136;;0000-0002-2986-7076	2019-02-15	0	1	Ceratozamia	Zamiaceae
25	25	0	Calonje M., Stanberg L. & Stevenson D.	0000-0001-9650-3136;;0000-0002-2986-7076	2019-02-15	0	1	Ceratozamia	Zamiaceae
26	26	0	Calonje M., Stanberg L. & Stevenson D.	0000-0001-9650-3136;;0000-0002-2986-7076	2019-02-15	0	1	Ceratozamia	Zamiaceae
29	29	0	Calonje M., Stanberg L. & Stevenson D.	0000-0001-9650-3136;;0000-0002-2986-7076	2019-02-15	0	1	Ceratozamia	Zamiaceae
30	30	0	Calonje M., Stanberg L. & Stevenson D.	0000-0001-9650-3136;;0000-0002-2986-7076	2019-02-15	0	1	Ceratozamia	Zamiaceae
32	32	0	Calonje M., Stanberg L. & Stevenson D.	0000-0001-9650-3136;;0000-0002-2986-7076	2019-02-15	0	1	Ceratozamia	Zamiaceae
33	33	0	Calonje M., Stanberg L. & Stevenson D.	0000-0001-9650-3136;;0000-0002-2986-7076	2019-02-15	0	1	Ceratozamia	Zamiaceae
35	35	0	Calonje M., Stanberg L. & Stevenson D.	0000-0001-9650-3136;;0000-0002-2986-7076	2019-02-15	0	1	Ceratozamia	Zamiaceae
36	36	0	Calonje M., Stanberg L. & Stevenson D.	0000-0001-9650-3136;;0000-0002-2986-7076	2019-02-15	0	1	Ceratozamia	Zamiaceae
37	37	0	Calonje M., Stanberg L. & Stevenson D.	0000-0001-9650-3136;;0000-0002-2986-7076	2019-02-15	0	1	Ceratozamia	Zamiaceae
38	38	0	Calonje M., Stanberg L. & Stevenson D.	0000-0001-9650-3136;;0000-0002-2986-7076	2019-02-15	0	1	Ceratozamia	Zamiaceae
39	39	0	Calonje M., Stanberg L. & Stevenson D.	0000-0001-9650-3136;;0000-0002-2986-7076	2019-02-15	0	1	Ceratozamia	Zamiaceae
40	40	0	Calonje M., Stanberg L. & Stevenson D.	0000-0001-9650-3136;;0000-0002-2986-7076	2019-02-15	0	1	Ceratozamia	Zamiaceae
41	41	0	Calonje M., Stanberg L. & Stevenson D.	0000-0001-9650-3136;;0000-0002-2986-7076	2019-02-15	0	1	Ceratozamia	Zamiaceae
42	42	0	Calonje M., Stanberg L. & Stevenson D.	0000-0001-9650-3136;;0000-0002-2986-7076	2019-02-15	0	1	Ceratozamia	Zamiaceae
43	43	0	Calonje M., Stanberg L. & Stevenson D.	0000-0001-9650-3136;;0000-0002-2986-7076	2019-02-15	0	1	Ceratozamia	Zamiaceae
817	817	0	Calonje M., Stanberg L. & Stevenson D.	0000-0001-9650-3136;;0000-0002-2986-7076	2019-02-15	0	1	Ceratozamia	Zamiaceae
793	793	0	Calonje M., Stanberg L. & Stevenson D.	0000-0001-9650-3136;;0000-0002-2986-7076	2019-02-15	0	1	Ceratozamia	Zamiaceae
814	814	0	Calonje M., Stanberg L. & Stevenson D.	0000-0001-9650-3136;;0000-0002-2986-7076	2019-02-15	0	1	Ceratozamia	Zamiaceae
44	44	0	Calonje M., Stanberg L. & Stevenson D.	0000-0001-9650-3136;;0000-0002-2986-7076	2019-02-15	0	1	Ceratozamia	Zamiaceae
45	45	0	Calonje M., Stanberg L. & Stevenson D.	0000-0001-9650-3136;;0000-0002-2986-7076	2019-02-15	0	1	Ceratozamia	Zamiaceae
46	46	0	Calonje M., Stanberg L. & Stevenson D.	0000-0001-9650-3136;;0000-0002-2986-7076	2019-02-15	0	1	Ceratozamia	Zamiaceae
47	47	0	Calonje M., Stanberg L. & Stevenson D.	0000-0001-9650-3136;;0000-0002-2986-7076	2019-02-15	0	1	Ceratozamia	Zamiaceae
52	52	0	Calonje M., Stanberg L. & Stevenson D.	0000-0001-9650-3136;;0000-0002-2986-7076	2019-02-15	0	1	Cycas	Cycadaceae
54	54	0	Calonje M., Stanberg L. & Stevenson D.	0000-0001-9650-3136;;0000-0002-2986-7076	2019-02-15	0	1	Cycas	Cycadaceae
55	55	0	Calonje M., Stanberg L. & Stevenson D.	0000-0001-9650-3136;;0000-0002-2986-7076	2019-02-15	0	1	Cycas	Cycadaceae
56	56	0	Calonje M., Stanberg L. & Stevenson D.	0000-0001-9650-3136;;0000-0002-2986-7076	2019-02-15	0	1	Cycas	Cycadaceae
57	57	0	Calonje M., Stanberg L. & Stevenson D.	0000-0001-9650-3136;;0000-0002-2986-7076	2019-02-15	0	1	Cycas	Cycadaceae
58	58	0	Calonje M., Stanberg L. & Stevenson D.	0000-0001-9650-3136;;0000-0002-2986-7076	2019-02-15	0	1	Cycas	Cycadaceae
59	59	0	Calonje M., Stanberg L. & Stevenson D.	0000-0001-9650-3136;;0000-0002-2986-7076	2019-02-15	0	1	Cycas	Cycadaceae
60	60	0	Calonje M., Stanberg L. & Stevenson D.	0000-0001-9650-3136;;0000-0002-2986-7076	2019-02-15	0	1	Cycas	Cycadaceae
574	574	0	Calonje M., Stanberg L. & Stevenson D.	0000-0001-9650-3136;;0000-0002-2986-7076	2019-02-15	0	1	Cycas	Cycadaceae
61	61	0	Calonje M., Stanberg L. & Stevenson D.	0000-0001-9650-3136;;0000-0002-2986-7076	2019-02-15	0	1	Cycas	Cycadaceae
62	62	0	Calonje M., Stanberg L. & Stevenson D.	0000-0001-9650-3136;;0000-0002-2986-7076	2019-02-15	0	1	Cycas	Cycadaceae
63	63	0	Calonje M., Stanberg L. & Stevenson D.	0000-0001-9650-3136;;0000-0002-2986-7076	2019-02-15	0	1	Cycas	Cycadaceae
829	829	0	Calonje M., Stanberg L. & Stevenson D.	0000-0001-9650-3136;;0000-0002-2986-7076	2019-02-15	0	1	Cycas	Cycadaceae
65	65	0	Calonje M., Stanberg L. & Stevenson D.	0000-0001-9650-3136;;0000-0002-2986-7076	2019-02-15	0	1	Cycas	Cycadaceae
66	66	0	Calonje M., Stanberg L. & Stevenson D.	0000-0001-9650-3136;;0000-0002-2986-7076	2019-02-15	0	1	Cycas	Cycadaceae
67	67	0	Calonje M., Stanberg L. & Stevenson D.	0000-0001-9650-3136;;0000-0002-2986-7076	2019-02-15	0	1	Cycas	Cycadaceae
68	68	1	Calonje M., Stanberg L. & Stevenson D.	0000-0001-9650-3136;;0000-0002-2986-7076	2019-02-15	0	1	Cycas	Cycadaceae
69	69	0	Calonje M., Stanberg L. & Stevenson D.	0000-0001-9650-3136;;0000-0002-2986-7076	2019-02-15	0	1	Cycas	Cycadaceae
571	571	0	Calonje M., Stanberg L. & Stevenson D.	0000-0001-9650-3136;;0000-0002-2986-7076	2019-02-15	0	1	Cycas	Cycadaceae
570	570	0	Calonje M., Stanberg L. & Stevenson D.	0000-0001-9650-3136;;0000-0002-2986-7076	2019-02-15	0	1	Cycas	Cycadaceae
70	70	0	Calonje M., Stanberg L. & Stevenson D.	0000-0001-9650-3136;;0000-0002-2986-7076	2019-02-15	0	1	Cycas	Cycadaceae
71	71	0	Calonje M., Stanberg L. & Stevenson D.	0000-0001-9650-3136;;0000-0002-2986-7076	2019-02-15	0	1	Cycas	Cycadaceae
73	73	0	Calonje M., Stanberg L. & Stevenson D.	0000-0001-9650-3136;;0000-0002-2986-7076	2019-02-15	0	1	Cycas	Cycadaceae
75	75	0	Calonje M., Stanberg L. & Stevenson D.	0000-0001-9650-3136;;0000-0002-2986-7076	2019-02-15	0	1	Cycas	Cycadaceae
76	76	0	Calonje M., Stanberg L. & Stevenson D.	0000-0001-9650-3136;;0000-0002-2986-7076	2019-02-15	0	1	Cycas	Cycadaceae
77	77	0	Calonje M., Stanberg L. & Stevenson D.	0000-0001-9650-3136;;0000-0002-2986-7076	2019-02-15	0	1	Cycas	Cycadaceae
79	79	0	Calonje M., Stanberg L. & Stevenson D.	0000-0001-9650-3136;;0000-0002-2986-7076	2019-02-15	0	1	Cycas	Cycadaceae
80	80	0	Calonje M., Stanberg L. & Stevenson D.	0000-0001-9650-3136;;0000-0002-2986-7076	2019-02-15	0	1	Cycas	Cycadaceae
81	81	0	Calonje M., Stanberg L. & Stevenson D.	0000-0001-9650-3136;;0000-0002-2986-7076	2019-02-15	0	1	Cycas	Cycadaceae
83	83	0	Calonje M., Stanberg L. & Stevenson D.	0000-0001-9650-3136;;0000-0002-2986-7076	2019-02-15	0	1	Cycas	Cycadaceae
85	85	0	Calonje M., Stanberg L. & Stevenson D.	0000-0001-9650-3136;;0000-0002-2986-7076	2019-02-15	0	1	Cycas	Cycadaceae
665	665	0	Calonje M., Stanberg L. & Stevenson D.	0000-0001-9650-3136;;0000-0002-2986-7076	2019-02-15	0	1	Cycas	Cycadaceae
86	86	0	Calonje M., Stanberg L. & Stevenson D.	0000-0001-9650-3136;;0000-0002-2986-7076	2019-02-15	0	1	Cycas	Cycadaceae
87	87	0	Calonje M., Stanberg L. & Stevenson D.	0000-0001-9650-3136;;0000-0002-2986-7076	2019-02-15	0	1	Cycas	Cycadaceae
89	89	1	Calonje M., Stanberg L. & Stevenson D.	0000-0001-9650-3136;;0000-0002-2986-7076	2019-02-15	0	1	Cycas	Cycadaceae
107	107	0	Calonje M., Stanberg L. & Stevenson D.	0000-0001-9650-3136;;0000-0002-2986-7076	2019-02-15	0	1	Cycas	Cycadaceae
109	109	0	Calonje M., Stanberg L. & Stevenson D.	0000-0001-9650-3136;;0000-0002-2986-7076	2019-02-15	0	1	Cycas	Cycadaceae
110	110	0	Calonje M., Stanberg L. & Stevenson D.	0000-0001-9650-3136;;0000-0002-2986-7076	2019-02-15	0	1	Cycas	Cycadaceae
111	111	0	Calonje M., Stanberg L. & Stevenson D.	0000-0001-9650-3136;;0000-0002-2986-7076	2019-02-15	0	1	Cycas	Cycadaceae
112	112	0	Calonje M., Stanberg L. & Stevenson D.	0000-0001-9650-3136;;0000-0002-2986-7076	2019-02-15	0	1	Cycas	Cycadaceae
114	114	0	Calonje M., Stanberg L. & Stevenson D.	0000-0001-9650-3136;;0000-0002-2986-7076	2019-02-15	0	1	Cycas	Cycadaceae
115	115	0	Calonje M., Stanberg L. & Stevenson D.	0000-0001-9650-3136;;0000-0002-2986-7076	2019-02-15	0	1	Cycas	Cycadaceae
792	792	1	Calonje M., Stanberg L. & Stevenson D.	0000-0001-9650-3136;;0000-0002-2986-7076	2019-02-15	0	1	Cycas	Cycadaceae
116	116	0	Calonje M., Stanberg L. & Stevenson D.	0000-0001-9650-3136;;0000-0002-2986-7076	2019-02-15	0	1	Cycas	Cycadaceae
117	117	0	Calonje M., Stanberg L. & Stevenson D.	0000-0001-9650-3136;;0000-0002-2986-7076	2019-02-15	0	1	Cycas	Cycadaceae
118	118	0	Calonje M., Stanberg L. & Stevenson D.	0000-0001-9650-3136;;0000-0002-2986-7076	2019-02-15	0	1	Cycas	Cycadaceae
820	820	0	Calonje M., Stanberg L. & Stevenson D.	0000-0001-9650-3136;;0000-0002-2986-7076	2019-02-15	0	1	Cycas	Cycadaceae
119	119	0	Calonje M., Stanberg L. & Stevenson D.	0000-0001-9650-3136;;0000-0002-2986-7076	2019-02-15	0	1	Cycas	Cycadaceae
120	120	0	Calonje M., Stanberg L. & Stevenson D.	0000-0001-9650-3136;;0000-0002-2986-7076	2019-02-15	0	1	Cycas	Cycadaceae
121	121	0	Calonje M., Stanberg L. & Stevenson D.	0000-0001-9650-3136;;0000-0002-2986-7076	2019-02-15	0	1	Cycas	Cycadaceae
122	122	0	Calonje M., Stanberg L. & Stevenson D.	0000-0001-9650-3136;;0000-0002-2986-7076	2019-02-15	0	1	Cycas	Cycadaceae
123	123	0	Calonje M., Stanberg L. & Stevenson D.	0000-0001-9650-3136;;0000-0002-2986-7076	2019-02-15	0	1	Cycas	Cycadaceae
124	124	0	Calonje M., Stanberg L. & Stevenson D.	0000-0001-9650-3136;;0000-0002-2986-7076	2019-02-15	0	1	Cycas	Cycadaceae
125	125	0	Calonje M., Stanberg L. & Stevenson D.	0000-0001-9650-3136;;0000-0002-2986-7076	2019-02-15	0	1	Cycas	Cycadaceae
126	126	0	Calonje M., Stanberg L. & Stevenson D.	0000-0001-9650-3136;;0000-0002-2986-7076	2019-02-15	0	1	Cycas	Cycadaceae
127	127	0	Calonje M., Stanberg L. & Stevenson D.	0000-0001-9650-3136;;0000-0002-2986-7076	2019-02-15	0	1	Cycas	Cycadaceae
128	128	0	Calonje M., Stanberg L. & Stevenson D.	0000-0001-9650-3136;;0000-0002-2986-7076	2019-02-15	0	1	Cycas	Cycadaceae
133	133	0	Calonje M., Stanberg L. & Stevenson D.	0000-0001-9650-3136;;0000-0002-2986-7076	2019-02-15	0	1	Cycas	Cycadaceae
134	134	0	Calonje M., Stanberg L. & Stevenson D.	0000-0001-9650-3136;;0000-0002-2986-7076	2019-02-15	0	1	Cycas	Cycadaceae
136	136	0	Calonje M., Stanberg L. & Stevenson D.	0000-0001-9650-3136;;0000-0002-2986-7076	2019-02-15	0	1	Cycas	Cycadaceae
137	137	0	Calonje M., Stanberg L. & Stevenson D.	0000-0001-9650-3136;;0000-0002-2986-7076	2019-02-15	0	1	Cycas	Cycadaceae
138	138	1	Calonje M., Stanberg L. & Stevenson D.	0000-0001-9650-3136;;0000-0002-2986-7076	2019-02-15	0	1	Cycas	Cycadaceae
140	140	0	Calonje M., Stanberg L. & Stevenson D.	0000-0001-9650-3136;;0000-0002-2986-7076	2019-02-15	0	1	Cycas	Cycadaceae
141	141	0	Calonje M., Stanberg L. & Stevenson D.	0000-0001-9650-3136;;0000-0002-2986-7076	2019-02-15	0	1	Cycas	Cycadaceae
142	142	0	Calonje M., Stanberg L. & Stevenson D.	0000-0001-9650-3136;;0000-0002-2986-7076	2019-02-15	0	1	Cycas	Cycadaceae
145	145	0	Calonje M., Stanberg L. & Stevenson D.	0000-0001-9650-3136;;0000-0002-2986-7076	2019-02-15	0	1	Cycas	Cycadaceae
146	146	0	Calonje M., Stanberg L. & Stevenson D.	0000-0001-9650-3136;;0000-0002-2986-7076	2019-02-15	0	1	Cycas	Cycadaceae
653	653	0	Calonje M., Stanberg L. & Stevenson D.	0000-0001-9650-3136;;0000-0002-2986-7076	2019-02-15	0	1	Cycas	Cycadaceae
147	147	0	Calonje M., Stanberg L. & Stevenson D.	0000-0001-9650-3136;;0000-0002-2986-7076	2019-02-15	0	1	Cycas	Cycadaceae
154	154	0	Calonje M., Stanberg L. & Stevenson D.	0000-0001-9650-3136;;0000-0002-2986-7076	2019-02-15	0	1	Cycas	Cycadaceae
155	155	0	Calonje M., Stanberg L. & Stevenson D.	0000-0001-9650-3136;;0000-0002-2986-7076	2019-02-15	0	1	Cycas	Cycadaceae
575	575	0	Calonje M., Stanberg L. & Stevenson D.	0000-0001-9650-3136;;0000-0002-2986-7076	2019-02-15	0	1	Cycas	Cycadaceae
156	156	0	Calonje M., Stanberg L. & Stevenson D.	0000-0001-9650-3136;;0000-0002-2986-7076	2019-02-15	0	1	Cycas	Cycadaceae
157	157	0	Calonje M., Stanberg L. & Stevenson D.	0000-0001-9650-3136;;0000-0002-2986-7076	2019-02-15	0	1	Cycas	Cycadaceae
159	159	0	Calonje M., Stanberg L. & Stevenson D.	0000-0001-9650-3136;;0000-0002-2986-7076	2019-02-15	0	1	Cycas	Cycadaceae
160	160	0	Calonje M., Stanberg L. & Stevenson D.	0000-0001-9650-3136;;0000-0002-2986-7076	2019-02-15	0	1	Cycas	Cycadaceae
161	161	0	Calonje M., Stanberg L. & Stevenson D.	0000-0001-9650-3136;;0000-0002-2986-7076	2019-02-15	0	1	Cycas	Cycadaceae
576	576	0	Calonje M., Stanberg L. & Stevenson D.	0000-0001-9650-3136;;0000-0002-2986-7076	2019-02-15	0	1	Cycas	Cycadaceae
572	572	0	Calonje M., Stanberg L. & Stevenson D.	0000-0001-9650-3136;;0000-0002-2986-7076	2019-02-15	0	1	Cycas	Cycadaceae
162	162	0	Calonje M., Stanberg L. & Stevenson D.	0000-0001-9650-3136;;0000-0002-2986-7076	2019-02-15	0	1	Cycas	Cycadaceae
163	163	0	Calonje M., Stanberg L. & Stevenson D.	0000-0001-9650-3136;;0000-0002-2986-7076	2019-02-15	0	1	Cycas	Cycadaceae
165	165	0	Calonje M., Stanberg L. & Stevenson D.	0000-0001-9650-3136;;0000-0002-2986-7076	2019-02-15	0	1	Cycas	Cycadaceae
167	167	0	Calonje M., Stanberg L. & Stevenson D.	0000-0001-9650-3136;;0000-0002-2986-7076	2019-02-15	0	1	Cycas	Cycadaceae
169	169	0	Calonje M., Stanberg L. & Stevenson D.	0000-0001-9650-3136;;0000-0002-2986-7076	2019-02-15	0	1	Cycas	Cycadaceae
170	170	0	Calonje M., Stanberg L. & Stevenson D.	0000-0001-9650-3136;;0000-0002-2986-7076	2019-02-15	0	1	Cycas	Cycadaceae
172	172	0	Calonje M., Stanberg L. & Stevenson D.	0000-0001-9650-3136;;0000-0002-2986-7076	2019-02-15	0	1	Cycas	Cycadaceae
674	674	0	Calonje M., Stanberg L. & Stevenson D.	0000-0001-9650-3136;;0000-0002-2986-7076	2019-02-15	0	1	Cycas	Cycadaceae
173	173	0	Calonje M., Stanberg L. & Stevenson D.	0000-0001-9650-3136;;0000-0002-2986-7076	2019-02-15	0	1	Cycas	Cycadaceae
174	174	0	Calonje M., Stanberg L. & Stevenson D.	0000-0001-9650-3136;;0000-0002-2986-7076	2019-02-15	0	1	Cycas	Cycadaceae
176	176	0	Calonje M., Stanberg L. & Stevenson D.	0000-0001-9650-3136;;0000-0002-2986-7076	2019-02-15	0	1	Cycas	Cycadaceae
177	177	0	Calonje M., Stanberg L. & Stevenson D.	0000-0001-9650-3136;;0000-0002-2986-7076	2019-02-15	0	1	Cycas	Cycadaceae
673	673	0	Calonje M., Stanberg L. & Stevenson D.	0000-0001-9650-3136;;0000-0002-2986-7076	2019-02-15	0	1	Cycas	Cycadaceae
178	178	0	Calonje M., Stanberg L. & Stevenson D.	0000-0001-9650-3136;;0000-0002-2986-7076	2019-02-15	0	1	Cycas	Cycadaceae
180	180	0	Calonje M., Stanberg L. & Stevenson D.	0000-0001-9650-3136;;0000-0002-2986-7076	2019-02-15	0	1	Cycas	Cycadaceae
181	181	0	Calonje M., Stanberg L. & Stevenson D.	0000-0001-9650-3136;;0000-0002-2986-7076	2019-02-15	0	1	Cycas	Cycadaceae
183	183	0	Calonje M., Stanberg L. & Stevenson D.	0000-0001-9650-3136;;0000-0002-2986-7076	2019-02-15	0	1	Cycas	Cycadaceae
186	186	0	Calonje M., Stanberg L. & Stevenson D.	0000-0001-9650-3136;;0000-0002-2986-7076	2019-02-15	0	1	Cycas	Cycadaceae
187	187	0	Calonje M., Stanberg L. & Stevenson D.	0000-0001-9650-3136;;0000-0002-2986-7076	2019-02-15	0	1	Cycas	Cycadaceae
188	188	0	Calonje M., Stanberg L. & Stevenson D.	0000-0001-9650-3136;;0000-0002-2986-7076	2019-02-15	0	1	Cycas	Cycadaceae
189	189	0	Calonje M., Stanberg L. & Stevenson D.	0000-0001-9650-3136;;0000-0002-2986-7076	2019-02-15	0	1	Cycas	Cycadaceae
190	190	1	Calonje M., Stanberg L. & Stevenson D.	0000-0001-9650-3136;;0000-0002-2986-7076	2019-02-15	0	1	Cycas	Cycadaceae
191	191	0	Calonje M., Stanberg L. & Stevenson D.	0000-0001-9650-3136;;0000-0002-2986-7076	2019-02-15	0	1	Cycas	Cycadaceae
196	196	0	Calonje M., Stanberg L. & Stevenson D.	0000-0001-9650-3136;;0000-0002-2986-7076	2019-02-15	0	1	Cycas	Cycadaceae
197	197	0	Calonje M., Stanberg L. & Stevenson D.	0000-0001-9650-3136;;0000-0002-2986-7076	2019-02-15	0	1	Cycas	Cycadaceae
595	595	0	Calonje M., Stanberg L. & Stevenson D.	0000-0001-9650-3136;;0000-0002-2986-7076	2019-02-15	0	1	Cycas	Cycadaceae
202	202	0	Calonje M., Stanberg L. & Stevenson D.	0000-0001-9650-3136;;0000-0002-2986-7076	2019-02-15	0	1	Cycas	Cycadaceae
203	203	0	Calonje M., Stanberg L. & Stevenson D.	0000-0001-9650-3136;;0000-0002-2986-7076	2019-02-15	0	1	Cycas	Cycadaceae
204	204	0	Calonje M., Stanberg L. & Stevenson D.	0000-0001-9650-3136;;0000-0002-2986-7076	2019-02-15	0	1	Cycas	Cycadaceae
205	205	0	Calonje M., Stanberg L. & Stevenson D.	0000-0001-9650-3136;;0000-0002-2986-7076	2019-02-15	0	1	Cycas	Cycadaceae
206	206	0	Calonje M., Stanberg L. & Stevenson D.	0000-0001-9650-3136;;0000-0002-2986-7076	2019-02-15	0	1	Cycas	Cycadaceae
207	207	0	Calonje M., Stanberg L. & Stevenson D.	0000-0001-9650-3136;;0000-0002-2986-7076	2019-02-15	0	1	Cycas	Cycadaceae
208	208	0	Calonje M., Stanberg L. & Stevenson D.	0000-0001-9650-3136;;0000-0002-2986-7076	2019-02-15	0	1	Cycas	Cycadaceae
815	815	0	Calonje M., Stanberg L. & Stevenson D.	0000-0001-9650-3136;;0000-0002-2986-7076	2019-02-15	0	1	Cycas	Cycadaceae
210	210	0	Calonje M., Stanberg L. & Stevenson D.	0000-0001-9650-3136;;0000-0002-2986-7076	2019-02-15	0	1	Cycas	Cycadaceae
213	213	0	Calonje M., Stanberg L. & Stevenson D.	0000-0001-9650-3136;;0000-0002-2986-7076	2019-02-15	0	1	Cycas	Cycadaceae
215	215	0	Calonje M., Stanberg L. & Stevenson D.	0000-0001-9650-3136;;0000-0002-2986-7076	2019-02-15	0	1	Cycas	Cycadaceae
216	216	0	Calonje M., Stanberg L. & Stevenson D.	0000-0001-9650-3136;;0000-0002-2986-7076	2019-02-15	0	1	Cycas	Cycadaceae
217	217	0	Calonje M., Stanberg L. & Stevenson D.	0000-0001-9650-3136;;0000-0002-2986-7076	2019-02-15	0	1	Cycas	Cycadaceae
219	219	0	Calonje M., Stanberg L. & Stevenson D.	0000-0001-9650-3136;;0000-0002-2986-7076	2019-02-15	0	1	Cycas	Cycadaceae
221	221	0	Calonje M., Stanberg L. & Stevenson D.	0000-0001-9650-3136;;0000-0002-2986-7076	2019-02-15	0	1	Cycas	Cycadaceae
223	223	0	Calonje M., Stanberg L. & Stevenson D.	0000-0001-9650-3136;;0000-0002-2986-7076	2019-02-15	0	1	Cycas	Cycadaceae
224	224	0	Calonje M., Stanberg L. & Stevenson D.	0000-0001-9650-3136;;0000-0002-2986-7076	2019-02-15	0	1	Cycas	Cycadaceae
225	225	0	Calonje M., Stanberg L. & Stevenson D.	0000-0001-9650-3136;;0000-0002-2986-7076	2019-02-15	0	1	Cycas	Cycadaceae
226	226	0	Calonje M., Stanberg L. & Stevenson D.	0000-0001-9650-3136;;0000-0002-2986-7076	2019-02-15	0	1	Cycas	Cycadaceae
227	227	0	Calonje M., Stanberg L. & Stevenson D.	0000-0001-9650-3136;;0000-0002-2986-7076	2019-02-15	0	1	Cycas	Cycadaceae
228	228	0	Calonje M., Stanberg L. & Stevenson D.	0000-0001-9650-3136;;0000-0002-2986-7076	2019-02-15	0	1	Cycas	Cycadaceae
229	229	1	Calonje M., Stanberg L. & Stevenson D.	0000-0001-9650-3136;;0000-0002-2986-7076	2019-02-15	0	1	Cycas	Cycadaceae
230	230	0	Calonje M., Stanberg L. & Stevenson D.	0000-0001-9650-3136;;0000-0002-2986-7076	2019-02-15	0	1	Cycas	Cycadaceae
232	232	0	Calonje M., Stanberg L. & Stevenson D.	0000-0001-9650-3136;;0000-0002-2986-7076	2019-02-15	0	1	Cycas	Cycadaceae
234	234	0	Calonje M., Stanberg L. & Stevenson D.	0000-0001-9650-3136;;0000-0002-2986-7076	2019-02-15	0	1	Cycas	Cycadaceae
235	235	0	Calonje M., Stanberg L. & Stevenson D.	0000-0001-9650-3136;;0000-0002-2986-7076	2019-02-15	0	1	Cycas	Cycadaceae
238	238	0	Calonje M., Stanberg L. & Stevenson D.	0000-0001-9650-3136;;0000-0002-2986-7076	2019-02-15	0	1	Cycas	Cycadaceae
239	239	0	Calonje M., Stanberg L. & Stevenson D.	0000-0001-9650-3136;;0000-0002-2986-7076	2019-02-15	0	1	Cycas	Cycadaceae
240	240	0	Calonje M., Stanberg L. & Stevenson D.	0000-0001-9650-3136;;0000-0002-2986-7076	2019-02-15	0	1	Cycas	Cycadaceae
241	241	0	Calonje M., Stanberg L. & Stevenson D.	0000-0001-9650-3136;;0000-0002-2986-7076	2019-02-15	0	1	Cycas	Cycadaceae
244	244	0	Calonje M., Stanberg L. & Stevenson D.	0000-0001-9650-3136;;0000-0002-2986-7076	2019-02-15	0	1	Dioon	Zamiaceae
245	245	0	Calonje M., Stanberg L. & Stevenson D.	0000-0001-9650-3136;;0000-0002-2986-7076	2019-02-15	0	1	Dioon	Zamiaceae
246	246	0	Calonje M., Stanberg L. & Stevenson D.	0000-0001-9650-3136;;0000-0002-2986-7076	2019-02-15	0	1	Dioon	Zamiaceae
247	247	0	Calonje M., Stanberg L. & Stevenson D.	0000-0001-9650-3136;;0000-0002-2986-7076	2019-02-15	0	1	Dioon	Zamiaceae
248	248	0	Calonje M., Stanberg L. & Stevenson D.	0000-0001-9650-3136;;0000-0002-2986-7076	2019-02-15	0	1	Dioon	Zamiaceae
255	255	0	Calonje M., Stanberg L. & Stevenson D.	0000-0001-9650-3136;;0000-0002-2986-7076	2019-02-15	0	1	Dioon	Zamiaceae
257	257	0	Calonje M., Stanberg L. & Stevenson D.	0000-0001-9650-3136;;0000-0002-2986-7076	2019-02-15	0	1	Dioon	Zamiaceae
258	258	0	Calonje M., Stanberg L. & Stevenson D.	0000-0001-9650-3136;;0000-0002-2986-7076	2019-02-15	0	1	Dioon	Zamiaceae
740	740	0	Calonje M., Stanberg L. & Stevenson D.	0000-0001-9650-3136;;0000-0002-2986-7076	2019-02-15	0	1	Dioon	Zamiaceae
259	259	0	Calonje M., Stanberg L. & Stevenson D.	0000-0001-9650-3136;;0000-0002-2986-7076	2019-02-15	0	1	Dioon	Zamiaceae
260	260	0	Calonje M., Stanberg L. & Stevenson D.	0000-0001-9650-3136;;0000-0002-2986-7076	2019-02-15	0	1	Dioon	Zamiaceae
261	261	0	Calonje M., Stanberg L. & Stevenson D.	0000-0001-9650-3136;;0000-0002-2986-7076	2019-02-15	0	1	Dioon	Zamiaceae
262	262	0	Calonje M., Stanberg L. & Stevenson D.	0000-0001-9650-3136;;0000-0002-2986-7076	2019-02-15	0	1	Dioon	Zamiaceae
263	263	0	Calonje M., Stanberg L. & Stevenson D.	0000-0001-9650-3136;;0000-0002-2986-7076	2019-02-15	0	1	Dioon	Zamiaceae
265	265	0	Calonje M., Stanberg L. & Stevenson D.	0000-0001-9650-3136;;0000-0002-2986-7076	2019-02-15	0	1	Dioon	Zamiaceae
827	827	0	Calonje M., Stanberg L. & Stevenson D.	0000-0001-9650-3136;;0000-0002-2986-7076	2019-02-15	0	1	Dioon	Zamiaceae
271	271	0	Calonje M., Stanberg L. & Stevenson D.	0000-0001-9650-3136;;0000-0002-2986-7076	2019-02-15	0	1	Encephalartos	Zamiaceae
272	272	0	Calonje M., Stanberg L. & Stevenson D.	0000-0001-9650-3136;;0000-0002-2986-7076	2019-02-15	0	1	Encephalartos	Zamiaceae
273	273	0	Calonje M., Stanberg L. & Stevenson D.	0000-0001-9650-3136;;0000-0002-2986-7076	2019-02-15	0	1	Encephalartos	Zamiaceae
274	274	0	Calonje M., Stanberg L. & Stevenson D.	0000-0001-9650-3136;;0000-0002-2986-7076	2019-02-15	0	1	Encephalartos	Zamiaceae
275	275	0	Calonje M., Stanberg L. & Stevenson D.	0000-0001-9650-3136;;0000-0002-2986-7076	2019-02-15	0	1	Encephalartos	Zamiaceae
276	276	0	Calonje M., Stanberg L. & Stevenson D.	0000-0001-9650-3136;;0000-0002-2986-7076	2019-02-15	0	1	Encephalartos	Zamiaceae
578	578	0	Calonje M., Stanberg L. & Stevenson D.	0000-0001-9650-3136;;0000-0002-2986-7076	2019-02-15	0	1	Encephalartos	Zamiaceae
278	278	0	Calonje M., Stanberg L. & Stevenson D.	0000-0001-9650-3136;;0000-0002-2986-7076	2019-02-15	0	1	Encephalartos	Zamiaceae
279	279	0	Calonje M., Stanberg L. & Stevenson D.	0000-0001-9650-3136;;0000-0002-2986-7076	2019-02-15	0	1	Encephalartos	Zamiaceae
280	280	0	Calonje M., Stanberg L. & Stevenson D.	0000-0001-9650-3136;;0000-0002-2986-7076	2019-02-15	0	1	Encephalartos	Zamiaceae
281	281	0	Calonje M., Stanberg L. & Stevenson D.	0000-0001-9650-3136;;0000-0002-2986-7076	2019-02-15	0	1	Encephalartos	Zamiaceae
282	282	0	Calonje M., Stanberg L. & Stevenson D.	0000-0001-9650-3136;;0000-0002-2986-7076	2019-02-15	0	1	Encephalartos	Zamiaceae
283	283	0	Calonje M., Stanberg L. & Stevenson D.	0000-0001-9650-3136;;0000-0002-2986-7076	2019-02-15	0	1	Encephalartos	Zamiaceae
284	284	0	Calonje M., Stanberg L. & Stevenson D.	0000-0001-9650-3136;;0000-0002-2986-7076	2019-02-15	0	1	Encephalartos	Zamiaceae
285	285	0	Calonje M., Stanberg L. & Stevenson D.	0000-0001-9650-3136;;0000-0002-2986-7076	2019-02-15	0	1	Encephalartos	Zamiaceae
286	286	0	Calonje M., Stanberg L. & Stevenson D.	0000-0001-9650-3136;;0000-0002-2986-7076	2019-02-15	0	1	Encephalartos	Zamiaceae
287	287	0	Calonje M., Stanberg L. & Stevenson D.	0000-0001-9650-3136;;0000-0002-2986-7076	2019-02-15	0	1	Encephalartos	Zamiaceae
288	288	0	Calonje M., Stanberg L. & Stevenson D.	0000-0001-9650-3136;;0000-0002-2986-7076	2019-02-15	0	1	Encephalartos	Zamiaceae
289	289	0	Calonje M., Stanberg L. & Stevenson D.	0000-0001-9650-3136;;0000-0002-2986-7076	2019-02-15	0	1	Encephalartos	Zamiaceae
290	290	0	Calonje M., Stanberg L. & Stevenson D.	0000-0001-9650-3136;;0000-0002-2986-7076	2019-02-15	0	1	Encephalartos	Zamiaceae
293	293	0	Calonje M., Stanberg L. & Stevenson D.	0000-0001-9650-3136;;0000-0002-2986-7076	2019-02-15	0	1	Encephalartos	Zamiaceae
659	659	0	Calonje M., Stanberg L. & Stevenson D.	0000-0001-9650-3136;;0000-0002-2986-7076	2019-02-15	0	1	Encephalartos	Zamiaceae
658	658	0	Calonje M., Stanberg L. & Stevenson D.	0000-0001-9650-3136;;0000-0002-2986-7076	2019-02-15	0	1	Encephalartos	Zamiaceae
295	295	0	Calonje M., Stanberg L. & Stevenson D.	0000-0001-9650-3136;;0000-0002-2986-7076	2019-02-15	0	1	Encephalartos	Zamiaceae
296	296	0	Calonje M., Stanberg L. & Stevenson D.	0000-0001-9650-3136;;0000-0002-2986-7076	2019-02-15	0	1	Encephalartos	Zamiaceae
298	298	0	Calonje M., Stanberg L. & Stevenson D.	0000-0001-9650-3136;;0000-0002-2986-7076	2019-02-15	0	1	Encephalartos	Zamiaceae
299	299	0	Calonje M., Stanberg L. & Stevenson D.	0000-0001-9650-3136;;0000-0002-2986-7076	2019-02-15	0	1	Encephalartos	Zamiaceae
300	300	0	Calonje M., Stanberg L. & Stevenson D.	0000-0001-9650-3136;;0000-0002-2986-7076	2019-02-15	0	1	Encephalartos	Zamiaceae
302	302	0	Calonje M., Stanberg L. & Stevenson D.	0000-0001-9650-3136;;0000-0002-2986-7076	2019-02-15	0	1	Encephalartos	Zamiaceae
303	303	0	Calonje M., Stanberg L. & Stevenson D.	0000-0001-9650-3136;;0000-0002-2986-7076	2019-02-15	0	1	Encephalartos	Zamiaceae
305	305	0	Calonje M., Stanberg L. & Stevenson D.	0000-0001-9650-3136;;0000-0002-2986-7076	2019-02-15	0	1	Encephalartos	Zamiaceae
307	307	0	Calonje M., Stanberg L. & Stevenson D.	0000-0001-9650-3136;;0000-0002-2986-7076	2019-02-15	0	1	Encephalartos	Zamiaceae
308	308	0	Calonje M., Stanberg L. & Stevenson D.	0000-0001-9650-3136;;0000-0002-2986-7076	2019-02-15	0	1	Encephalartos	Zamiaceae
310	310	0	Calonje M., Stanberg L. & Stevenson D.	0000-0001-9650-3136;;0000-0002-2986-7076	2019-02-15	0	1	Encephalartos	Zamiaceae
312	312	0	Calonje M., Stanberg L. & Stevenson D.	0000-0001-9650-3136;;0000-0002-2986-7076	2019-02-15	0	1	Encephalartos	Zamiaceae
313	313	0	Calonje M., Stanberg L. & Stevenson D.	0000-0001-9650-3136;;0000-0002-2986-7076	2019-02-15	0	1	Encephalartos	Zamiaceae
316	316	0	Calonje M., Stanberg L. & Stevenson D.	0000-0001-9650-3136;;0000-0002-2986-7076	2019-02-15	0	1	Encephalartos	Zamiaceae
317	317	0	Calonje M., Stanberg L. & Stevenson D.	0000-0001-9650-3136;;0000-0002-2986-7076	2019-02-15	0	1	Encephalartos	Zamiaceae
318	318	0	Calonje M., Stanberg L. & Stevenson D.	0000-0001-9650-3136;;0000-0002-2986-7076	2019-02-15	0	1	Encephalartos	Zamiaceae
319	319	0	Calonje M., Stanberg L. & Stevenson D.	0000-0001-9650-3136;;0000-0002-2986-7076	2019-02-15	0	1	Encephalartos	Zamiaceae
321	321	0	Calonje M., Stanberg L. & Stevenson D.	0000-0001-9650-3136;;0000-0002-2986-7076	2019-02-15	0	1	Encephalartos	Zamiaceae
728	728	1	Calonje M., Stanberg L. & Stevenson D.	0000-0001-9650-3136;;0000-0002-2986-7076	2019-02-15	0	1	Encephalartos	Zamiaceae
322	322	0	Calonje M., Stanberg L. & Stevenson D.	0000-0001-9650-3136;;0000-0002-2986-7076	2019-02-15	0	1	Encephalartos	Zamiaceae
323	323	0	Calonje M., Stanberg L. & Stevenson D.	0000-0001-9650-3136;;0000-0002-2986-7076	2019-02-15	0	1	Encephalartos	Zamiaceae
730	730	1	Calonje M., Stanberg L. & Stevenson D.	0000-0001-9650-3136;;0000-0002-2986-7076	2019-02-15	0	1	Encephalartos	Zamiaceae
324	324	0	Calonje M., Stanberg L. & Stevenson D.	0000-0001-9650-3136;;0000-0002-2986-7076	2019-02-15	0	1	Encephalartos	Zamiaceae
326	326	0	Calonje M., Stanberg L. & Stevenson D.	0000-0001-9650-3136;;0000-0002-2986-7076	2019-02-15	0	1	Encephalartos	Zamiaceae
328	328	0	Calonje M., Stanberg L. & Stevenson D.	0000-0001-9650-3136;;0000-0002-2986-7076	2019-02-15	0	1	Encephalartos	Zamiaceae
329	329	0	Calonje M., Stanberg L. & Stevenson D.	0000-0001-9650-3136;;0000-0002-2986-7076	2019-02-15	0	1	Encephalartos	Zamiaceae
330	330	0	Calonje M., Stanberg L. & Stevenson D.	0000-0001-9650-3136;;0000-0002-2986-7076	2019-02-15	0	1	Encephalartos	Zamiaceae
332	332	0	Calonje M., Stanberg L. & Stevenson D.	0000-0001-9650-3136;;0000-0002-2986-7076	2019-02-15	0	1	Encephalartos	Zamiaceae
333	333	0	Calonje M., Stanberg L. & Stevenson D.	0000-0001-9650-3136;;0000-0002-2986-7076	2019-02-15	0	1	Encephalartos	Zamiaceae
334	334	0	Calonje M., Stanberg L. & Stevenson D.	0000-0001-9650-3136;;0000-0002-2986-7076	2019-02-15	0	1	Encephalartos	Zamiaceae
335	335	0	Calonje M., Stanberg L. & Stevenson D.	0000-0001-9650-3136;;0000-0002-2986-7076	2019-02-15	0	1	Encephalartos	Zamiaceae
336	336	0	Calonje M., Stanberg L. & Stevenson D.	0000-0001-9650-3136;;0000-0002-2986-7076	2019-02-15	0	1	Encephalartos	Zamiaceae
337	337	0	Calonje M., Stanberg L. & Stevenson D.	0000-0001-9650-3136;;0000-0002-2986-7076	2019-02-15	0	1	Encephalartos	Zamiaceae
338	338	0	Calonje M., Stanberg L. & Stevenson D.	0000-0001-9650-3136;;0000-0002-2986-7076	2019-02-15	0	1	Encephalartos	Zamiaceae
339	339	1	Calonje M., Stanberg L. & Stevenson D.	0000-0001-9650-3136;;0000-0002-2986-7076	2019-02-15	0	1	Encephalartos	Zamiaceae
340	340	0	Calonje M., Stanberg L. & Stevenson D.	0000-0001-9650-3136;;0000-0002-2986-7076	2019-02-15	0	1	Encephalartos	Zamiaceae
341	341	0	Calonje M., Stanberg L. & Stevenson D.	0000-0001-9650-3136;;0000-0002-2986-7076	2019-02-15	0	1	Encephalartos	Zamiaceae
342	342	0	Calonje M., Stanberg L. & Stevenson D.	0000-0001-9650-3136;;0000-0002-2986-7076	2019-02-15	0	1	Encephalartos	Zamiaceae
343	343	0	Calonje M., Stanberg L. & Stevenson D.	0000-0001-9650-3136;;0000-0002-2986-7076	2019-02-15	0	1	Encephalartos	Zamiaceae
344	344	0	Calonje M., Stanberg L. & Stevenson D.	0000-0001-9650-3136;;0000-0002-2986-7076	2019-02-15	0	1	Encephalartos	Zamiaceae
345	345	0	Calonje M., Stanberg L. & Stevenson D.	0000-0001-9650-3136;;0000-0002-2986-7076	2019-02-15	0	1	Encephalartos	Zamiaceae
346	346	1	Calonje M., Stanberg L. & Stevenson D.	0000-0001-9650-3136;;0000-0002-2986-7076	2019-02-15	0	1	Encephalartos	Zamiaceae
349	349	0	Calonje M., Stanberg L. & Stevenson D.	0000-0001-9650-3136;;0000-0002-2986-7076	2019-02-15	0	1	Encephalartos	Zamiaceae
350	350	0	Calonje M., Stanberg L. & Stevenson D.	0000-0001-9650-3136;;0000-0002-2986-7076	2019-02-15	0	1	Encephalartos	Zamiaceae
579	579	0	Calonje M., Stanberg L. & Stevenson D.	0000-0001-9650-3136;;0000-0002-2986-7076	2019-02-15	0	1	Encephalartos	Zamiaceae
351	351	0	Calonje M., Stanberg L. & Stevenson D.	0000-0001-9650-3136;;0000-0002-2986-7076	2019-02-15	0	1	Encephalartos	Zamiaceae
353	353	0	Calonje M., Stanberg L. & Stevenson D.	0000-0001-9650-3136;;0000-0002-2986-7076	2019-02-15	0	1	Encephalartos	Zamiaceae
354	354	0	Calonje M., Stanberg L. & Stevenson D.	0000-0001-9650-3136;;0000-0002-2986-7076	2019-02-15	0	1	Encephalartos	Zamiaceae
355	355	0	Calonje M., Stanberg L. & Stevenson D.	0000-0001-9650-3136;;0000-0002-2986-7076	2019-02-15	0	1	Encephalartos	Zamiaceae
358	358	0	Calonje M., Stanberg L. & Stevenson D.	0000-0001-9650-3136;;0000-0002-2986-7076	2019-02-15	0	1	Encephalartos	Zamiaceae
731	731	1	Calonje M., Stanberg L. & Stevenson D.	0000-0001-9650-3136;;0000-0002-2986-7076	2019-02-15	0	1	Encephalartos	Zamiaceae
360	360	0	Calonje M., Stanberg L. & Stevenson D.	0000-0001-9650-3136;;0000-0002-2986-7076	2019-02-15	0	1	Encephalartos	Zamiaceae
361	361	0	Calonje M., Stanberg L. & Stevenson D.	0000-0001-9650-3136;;0000-0002-2986-7076	2019-02-15	0	1	Encephalartos	Zamiaceae
371	371	0	Calonje M., Stanberg L. & Stevenson D.	0000-0001-9650-3136;;0000-0002-2986-7076	2019-02-15	0	1	Lepidozamia	Zamiaceae
372	372	0	Calonje M., Stanberg L. & Stevenson D.	0000-0001-9650-3136;;0000-0002-2986-7076	2019-02-15	0	1	Lepidozamia	Zamiaceae
375	375	0	Calonje M., Stanberg L. & Stevenson D.	0000-0001-9650-3136;;0000-0002-2986-7076	2019-02-15	0	1	Macrozamia	Zamiaceae
376	376	0	Calonje M., Stanberg L. & Stevenson D.	0000-0001-9650-3136;;0000-0002-2986-7076	2019-02-15	0	1	Macrozamia	Zamiaceae
377	377	0	Calonje M., Stanberg L. & Stevenson D.	0000-0001-9650-3136;;0000-0002-2986-7076	2019-02-15	0	1	Macrozamia	Zamiaceae
378	378	0	Calonje M., Stanberg L. & Stevenson D.	0000-0001-9650-3136;;0000-0002-2986-7076	2019-02-15	0	1	Macrozamia	Zamiaceae
733	733	1	Calonje M., Stanberg L. & Stevenson D.	0000-0001-9650-3136;;0000-0002-2986-7076	2019-02-15	0	1	Macrozamia	Zamiaceae
380	380	0	Calonje M., Stanberg L. & Stevenson D.	0000-0001-9650-3136;;0000-0002-2986-7076	2019-02-15	0	1	Macrozamia	Zamiaceae
381	381	0	Calonje M., Stanberg L. & Stevenson D.	0000-0001-9650-3136;;0000-0002-2986-7076	2019-02-15	0	1	Macrozamia	Zamiaceae
615	615	1	Calonje M., Stanberg L. & Stevenson D.	0000-0001-9650-3136;;0000-0002-2986-7076	2019-02-15	0	1	Macrozamia	Zamiaceae
384	384	0	Calonje M., Stanberg L. & Stevenson D.	0000-0001-9650-3136;;0000-0002-2986-7076	2019-02-15	0	1	Macrozamia	Zamiaceae
385	385	0	Calonje M., Stanberg L. & Stevenson D.	0000-0001-9650-3136;;0000-0002-2986-7076	2019-02-15	0	1	Macrozamia	Zamiaceae
386	386	0	Calonje M., Stanberg L. & Stevenson D.	0000-0001-9650-3136;;0000-0002-2986-7076	2019-02-15	0	1	Macrozamia	Zamiaceae
735	735	1	Calonje M., Stanberg L. & Stevenson D.	0000-0001-9650-3136;;0000-0002-2986-7076	2019-02-15	0	1	Macrozamia	Zamiaceae
387	387	0	Calonje M., Stanberg L. & Stevenson D.	0000-0001-9650-3136;;0000-0002-2986-7076	2019-02-15	0	1	Macrozamia	Zamiaceae
734	734	1	Calonje M., Stanberg L. & Stevenson D.	0000-0001-9650-3136;;0000-0002-2986-7076	2019-02-15	0	1	Macrozamia	Zamiaceae
388	388	0	Calonje M., Stanberg L. & Stevenson D.	0000-0001-9650-3136;;0000-0002-2986-7076	2019-02-15	0	1	Macrozamia	Zamiaceae
389	389	0	Calonje M., Stanberg L. & Stevenson D.	0000-0001-9650-3136;;0000-0002-2986-7076	2019-02-15	0	1	Macrozamia	Zamiaceae
390	390	0	Calonje M., Stanberg L. & Stevenson D.	0000-0001-9650-3136;;0000-0002-2986-7076	2019-02-15	0	1	Macrozamia	Zamiaceae
391	391	0	Calonje M., Stanberg L. & Stevenson D.	0000-0001-9650-3136;;0000-0002-2986-7076	2019-02-15	0	1	Macrozamia	Zamiaceae
392	392	0	Calonje M., Stanberg L. & Stevenson D.	0000-0001-9650-3136;;0000-0002-2986-7076	2019-02-15	0	1	Macrozamia	Zamiaceae
393	393	0	Calonje M., Stanberg L. & Stevenson D.	0000-0001-9650-3136;;0000-0002-2986-7076	2019-02-15	0	1	Macrozamia	Zamiaceae
395	395	0	Calonje M., Stanberg L. & Stevenson D.	0000-0001-9650-3136;;0000-0002-2986-7076	2019-02-15	0	1	Macrozamia	Zamiaceae
396	396	0	Calonje M., Stanberg L. & Stevenson D.	0000-0001-9650-3136;;0000-0002-2986-7076	2019-02-15	0	1	Macrozamia	Zamiaceae
397	397	0	Calonje M., Stanberg L. & Stevenson D.	0000-0001-9650-3136;;0000-0002-2986-7076	2019-02-15	0	1	Macrozamia	Zamiaceae
398	398	0	Calonje M., Stanberg L. & Stevenson D.	0000-0001-9650-3136;;0000-0002-2986-7076	2019-02-15	0	1	Macrozamia	Zamiaceae
399	399	0	Calonje M., Stanberg L. & Stevenson D.	0000-0001-9650-3136;;0000-0002-2986-7076	2019-02-15	0	1	Macrozamia	Zamiaceae
400	400	0	Calonje M., Stanberg L. & Stevenson D.	0000-0001-9650-3136;;0000-0002-2986-7076	2019-02-15	0	1	Macrozamia	Zamiaceae
401	401	0	Calonje M., Stanberg L. & Stevenson D.	0000-0001-9650-3136;;0000-0002-2986-7076	2019-02-15	0	1	Macrozamia	Zamiaceae
403	403	0	Calonje M., Stanberg L. & Stevenson D.	0000-0001-9650-3136;;0000-0002-2986-7076	2019-02-15	0	1	Macrozamia	Zamiaceae
404	404	0	Calonje M., Stanberg L. & Stevenson D.	0000-0001-9650-3136;;0000-0002-2986-7076	2019-02-15	0	1	Macrozamia	Zamiaceae
405	405	0	Calonje M., Stanberg L. & Stevenson D.	0000-0001-9650-3136;;0000-0002-2986-7076	2019-02-15	0	1	Macrozamia	Zamiaceae
406	406	0	Calonje M., Stanberg L. & Stevenson D.	0000-0001-9650-3136;;0000-0002-2986-7076	2019-02-15	0	1	Macrozamia	Zamiaceae
407	407	0	Calonje M., Stanberg L. & Stevenson D.	0000-0001-9650-3136;;0000-0002-2986-7076	2019-02-15	0	1	Macrozamia	Zamiaceae
408	408	0	Calonje M., Stanberg L. & Stevenson D.	0000-0001-9650-3136;;0000-0002-2986-7076	2019-02-15	0	1	Macrozamia	Zamiaceae
410	410	0	Calonje M., Stanberg L. & Stevenson D.	0000-0001-9650-3136;;0000-0002-2986-7076	2019-02-15	0	1	Macrozamia	Zamiaceae
411	411	0	Calonje M., Stanberg L. & Stevenson D.	0000-0001-9650-3136;;0000-0002-2986-7076	2019-02-15	0	1	Macrozamia	Zamiaceae
415	415	0	Calonje M., Stanberg L. & Stevenson D.	0000-0001-9650-3136;;0000-0002-2986-7076	2019-02-15	0	1	Macrozamia	Zamiaceae
616	616	1	Calonje M., Stanberg L. & Stevenson D.	0000-0001-9650-3136;;0000-0002-2986-7076	2019-02-15	0	1	Macrozamia	Zamiaceae
416	416	0	Calonje M., Stanberg L. & Stevenson D.	0000-0001-9650-3136;;0000-0002-2986-7076	2019-02-15	0	1	Macrozamia	Zamiaceae
417	417	0	Calonje M., Stanberg L. & Stevenson D.	0000-0001-9650-3136;;0000-0002-2986-7076	2019-02-15	0	1	Macrozamia	Zamiaceae
419	419	0	Calonje M., Stanberg L. & Stevenson D.	0000-0001-9650-3136;;0000-0002-2986-7076	2019-02-15	0	1	Macrozamia	Zamiaceae
420	420	0	Calonje M., Stanberg L. & Stevenson D.	0000-0001-9650-3136;;0000-0002-2986-7076	2019-02-15	0	1	Macrozamia	Zamiaceae
421	421	0	Calonje M., Stanberg L. & Stevenson D.	0000-0001-9650-3136;;0000-0002-2986-7076	2019-02-15	0	1	Macrozamia	Zamiaceae
422	422	0	Calonje M., Stanberg L. & Stevenson D.	0000-0001-9650-3136;;0000-0002-2986-7076	2019-02-15	0	1	Macrozamia	Zamiaceae
423	423	0	Calonje M., Stanberg L. & Stevenson D.	0000-0001-9650-3136;;0000-0002-2986-7076	2019-02-15	0	1	Macrozamia	Zamiaceae
736	736	1	Calonje M., Stanberg L. & Stevenson D.	0000-0001-9650-3136;;0000-0002-2986-7076	2019-02-15	0	1	Macrozamia	Zamiaceae
732	732	1	Calonje M., Stanberg L. & Stevenson D.	0000-0001-9650-3136;;0000-0002-2986-7076	2019-02-15	0	1	Macrozamia	Zamiaceae
424	424	0	Calonje M., Stanberg L. & Stevenson D.	0000-0001-9650-3136;;0000-0002-2986-7076	2019-02-15	0	1	Macrozamia	Zamiaceae
425	425	0	Calonje M., Stanberg L. & Stevenson D.	0000-0001-9650-3136;;0000-0002-2986-7076	2019-02-15	0	1	Macrozamia	Zamiaceae
427	427	0	Calonje M., Stanberg L. & Stevenson D.	0000-0001-9650-3136;;0000-0002-2986-7076	2019-02-15	0	1	Microcycas	Zamiaceae
430	430	0	Calonje M., Stanberg L. & Stevenson D.	0000-0001-9650-3136;;0000-0002-2986-7076	2019-02-15	0	1	Stangeria	Zamiaceae
436	436	0	Calonje M., Stanberg L. & Stevenson D.	0000-0001-9650-3136;;0000-0002-2986-7076	2019-02-15	0	1	Zamia	Zamiaceae
438	438	0	Calonje M., Stanberg L. & Stevenson D.	0000-0001-9650-3136;;0000-0002-2986-7076	2019-02-15	0	1	Zamia	Zamiaceae
440	440	0	Calonje M., Stanberg L. & Stevenson D.	0000-0001-9650-3136;;0000-0002-2986-7076	2019-02-15	0	1	Zamia	Zamiaceae
441	441	0	Calonje M., Stanberg L. & Stevenson D.	0000-0001-9650-3136;;0000-0002-2986-7076	2019-02-15	0	1	Zamia	Zamiaceae
444	444	0	Calonje M., Stanberg L. & Stevenson D.	0000-0001-9650-3136;;0000-0002-2986-7076	2019-02-15	0	1	Zamia	Zamiaceae
449	449	0	Calonje M., Stanberg L. & Stevenson D.	0000-0001-9650-3136;;0000-0002-2986-7076	2019-02-15	0	1	Zamia	Zamiaceae
450	450	0	Calonje M., Stanberg L. & Stevenson D.	0000-0001-9650-3136;;0000-0002-2986-7076	2019-02-15	0	1	Zamia	Zamiaceae
451	451	0	Calonje M., Stanberg L. & Stevenson D.	0000-0001-9650-3136;;0000-0002-2986-7076	2019-02-15	0	1	Zamia	Zamiaceae
458	458	0	Calonje M., Stanberg L. & Stevenson D.	0000-0001-9650-3136;;0000-0002-2986-7076	2019-02-15	0	1	Zamia	Zamiaceae
460	460	0	Calonje M., Stanberg L. & Stevenson D.	0000-0001-9650-3136;;0000-0002-2986-7076	2019-02-15	0	1	Zamia	Zamiaceae
461	461	0	Calonje M., Stanberg L. & Stevenson D.	0000-0001-9650-3136;;0000-0002-2986-7076	2019-02-15	0	1	Zamia	Zamiaceae
462	462	0	Calonje M., Stanberg L. & Stevenson D.	0000-0001-9650-3136;;0000-0002-2986-7076	2019-02-15	0	1	Zamia	Zamiaceae
463	463	0	Calonje M., Stanberg L. & Stevenson D.	0000-0001-9650-3136;;0000-0002-2986-7076	2019-02-15	0	1	Zamia	Zamiaceae
464	464	0	Calonje M., Stanberg L. & Stevenson D.	0000-0001-9650-3136;;0000-0002-2986-7076	2019-02-15	0	1	Zamia	Zamiaceae
465	465	0	Calonje M., Stanberg L. & Stevenson D.	0000-0001-9650-3136;;0000-0002-2986-7076	2019-02-15	0	1	Zamia	Zamiaceae
466	466	0	Calonje M., Stanberg L. & Stevenson D.	0000-0001-9650-3136;;0000-0002-2986-7076	2019-02-15	0	1	Zamia	Zamiaceae
468	468	0	Calonje M., Stanberg L. & Stevenson D.	0000-0001-9650-3136;;0000-0002-2986-7076	2019-02-15	0	1	Zamia	Zamiaceae
471	471	0	Calonje M., Stanberg L. & Stevenson D.	0000-0001-9650-3136;;0000-0002-2986-7076	2019-02-15	0	1	Zamia	Zamiaceae
472	472	0	Calonje M., Stanberg L. & Stevenson D.	0000-0001-9650-3136;;0000-0002-2986-7076	2019-02-15	0	1	Zamia	Zamiaceae
473	473	0	Calonje M., Stanberg L. & Stevenson D.	0000-0001-9650-3136;;0000-0002-2986-7076	2019-02-15	0	1	Zamia	Zamiaceae
476	476	0	Calonje M., Stanberg L. & Stevenson D.	0000-0001-9650-3136;;0000-0002-2986-7076	2019-02-15	0	1	Zamia	Zamiaceae
477	477	0	Calonje M., Stanberg L. & Stevenson D.	0000-0001-9650-3136;;0000-0002-2986-7076	2019-02-15	0	1	Zamia	Zamiaceae
479	479	0	Calonje M., Stanberg L. & Stevenson D.	0000-0001-9650-3136;;0000-0002-2986-7076	2019-02-15	0	1	Zamia	Zamiaceae
481	481	0	Calonje M., Stanberg L. & Stevenson D.	0000-0001-9650-3136;;0000-0002-2986-7076	2019-02-15	0	1	Zamia	Zamiaceae
482	482	0	Calonje M., Stanberg L. & Stevenson D.	0000-0001-9650-3136;;0000-0002-2986-7076	2019-02-15	0	1	Zamia	Zamiaceae
483	483	0	Calonje M., Stanberg L. & Stevenson D.	0000-0001-9650-3136;;0000-0002-2986-7076	2019-02-15	0	1	Zamia	Zamiaceae
484	484	0	Calonje M., Stanberg L. & Stevenson D.	0000-0001-9650-3136;;0000-0002-2986-7076	2019-02-15	0	1	Zamia	Zamiaceae
485	485	0	Calonje M., Stanberg L. & Stevenson D.	0000-0001-9650-3136;;0000-0002-2986-7076	2019-02-15	0	1	Zamia	Zamiaceae
821	821	0	Calonje M., Stanberg L. & Stevenson D.	0000-0001-9650-3136;;0000-0002-2986-7076	2019-02-15	0	1	Zamia	Zamiaceae
822	822	0	Calonje M., Stanberg L. & Stevenson D.	0000-0001-9650-3136;;0000-0002-2986-7076	2019-02-15	0	1	Zamia	Zamiaceae
823	823	0	Calonje M., Stanberg L. & Stevenson D.	0000-0001-9650-3136;;0000-0002-2986-7076	2019-02-15	0	1	Zamia	Zamiaceae
824	824	0	Calonje M., Stanberg L. & Stevenson D.	0000-0001-9650-3136;;0000-0002-2986-7076	2019-02-15	0	1	Zamia	Zamiaceae
825	825	0	Calonje M., Stanberg L. & Stevenson D.	0000-0001-9650-3136;;0000-0002-2986-7076	2019-02-15	0	1	Zamia	Zamiaceae
486	486	0	Calonje M., Stanberg L. & Stevenson D.	0000-0001-9650-3136;;0000-0002-2986-7076	2019-02-15	0	1	Zamia	Zamiaceae
488	488	0	Calonje M., Stanberg L. & Stevenson D.	0000-0001-9650-3136;;0000-0002-2986-7076	2019-02-15	0	1	Zamia	Zamiaceae
490	490	0	Calonje M., Stanberg L. & Stevenson D.	0000-0001-9650-3136;;0000-0002-2986-7076	2019-02-15	0	1	Zamia	Zamiaceae
496	496	0	Calonje M., Stanberg L. & Stevenson D.	0000-0001-9650-3136;;0000-0002-2986-7076	2019-02-15	0	1	Zamia	Zamiaceae
500	500	0	Calonje M., Stanberg L. & Stevenson D.	0000-0001-9650-3136;;0000-0002-2986-7076	2019-02-15	0	1	Zamia	Zamiaceae
501	501	0	Calonje M., Stanberg L. & Stevenson D.	0000-0001-9650-3136;;0000-0002-2986-7076	2019-02-15	0	1	Zamia	Zamiaceae
826	826	0	Calonje M., Stanberg L. & Stevenson D.	0000-0001-9650-3136;;0000-0002-2986-7076	2019-02-15	0	1	Zamia	Zamiaceae
502	502	0	Calonje M., Stanberg L. & Stevenson D.	0000-0001-9650-3136;;0000-0002-2986-7076	2019-02-15	0	1	Zamia	Zamiaceae
507	507	0	Calonje M., Stanberg L. & Stevenson D.	0000-0001-9650-3136;;0000-0002-2986-7076	2019-02-15	0	1	Zamia	Zamiaceae
508	508	0	Calonje M., Stanberg L. & Stevenson D.	0000-0001-9650-3136;;0000-0002-2986-7076	2019-02-15	0	1	Zamia	Zamiaceae
511	511	0	Calonje M., Stanberg L. & Stevenson D.	0000-0001-9650-3136;;0000-0002-2986-7076	2019-02-15	0	1	Zamia	Zamiaceae
781	781	1	Calonje M., Stanberg L. & Stevenson D.	0000-0001-9650-3136;;0000-0002-2986-7076	2019-02-15	0	1	Zamia	Zamiaceae
782	782	1	Calonje M., Stanberg L. & Stevenson D.	0000-0001-9650-3136;;0000-0002-2986-7076	2019-02-15	0	1	Zamia	Zamiaceae
513	513	0	Calonje M., Stanberg L. & Stevenson D.	0000-0001-9650-3136;;0000-0002-2986-7076	2019-02-15	0	1	Zamia	Zamiaceae
514	514	0	Calonje M., Stanberg L. & Stevenson D.	0000-0001-9650-3136;;0000-0002-2986-7076	2019-02-15	0	1	Zamia	Zamiaceae
737	737	1	Calonje M., Stanberg L. & Stevenson D.	0000-0001-9650-3136;;0000-0002-2986-7076	2019-02-15	0	1	Zamia	Zamiaceae
516	516	0	Calonje M., Stanberg L. & Stevenson D.	0000-0001-9650-3136;;0000-0002-2986-7076	2019-02-15	0	1	Zamia	Zamiaceae
517	517	0	Calonje M., Stanberg L. & Stevenson D.	0000-0001-9650-3136;;0000-0002-2986-7076	2019-02-15	0	1	Zamia	Zamiaceae
519	519	0	Calonje M., Stanberg L. & Stevenson D.	0000-0001-9650-3136;;0000-0002-2986-7076	2019-02-15	0	1	Zamia	Zamiaceae
434	434	0	Calonje M., Stanberg L. & Stevenson D.	0000-0001-9650-3136;;0000-0002-2986-7076	2019-02-15	0	1	Zamia	Zamiaceae
522	522	0	Calonje M., Stanberg L. & Stevenson D.	0000-0001-9650-3136;;0000-0002-2986-7076	2019-02-15	0	1	Zamia	Zamiaceae
523	523	0	Calonje M., Stanberg L. & Stevenson D.	0000-0001-9650-3136;;0000-0002-2986-7076	2019-02-15	0	1	Zamia	Zamiaceae
524	524	1	Calonje M., Stanberg L. & Stevenson D.	0000-0001-9650-3136;;0000-0002-2986-7076	2019-02-15	0	1	Zamia	Zamiaceae
526	526	0	Calonje M., Stanberg L. & Stevenson D.	0000-0001-9650-3136;;0000-0002-2986-7076	2019-02-15	0	1	Zamia	Zamiaceae
528	528	0	Calonje M., Stanberg L. & Stevenson D.	0000-0001-9650-3136;;0000-0002-2986-7076	2019-02-15	0	1	Zamia	Zamiaceae
529	529	0	Calonje M., Stanberg L. & Stevenson D.	0000-0001-9650-3136;;0000-0002-2986-7076	2019-02-15	0	1	Zamia	Zamiaceae
530	530	0	Calonje M., Stanberg L. & Stevenson D.	0000-0001-9650-3136;;0000-0002-2986-7076	2019-02-15	0	1	Zamia	Zamiaceae
830	830	0	Calonje M., Stanberg L. & Stevenson D.	0000-0001-9650-3136;;0000-0002-2986-7076	2019-02-15	0	1	Zamia	Zamiaceae
533	533	0	Calonje M., Stanberg L. & Stevenson D.	0000-0001-9650-3136;;0000-0002-2986-7076	2019-02-15	0	1	Zamia	Zamiaceae
535	535	0	Calonje M., Stanberg L. & Stevenson D.	0000-0001-9650-3136;;0000-0002-2986-7076	2019-02-15	0	1	Zamia	Zamiaceae
537	537	0	Calonje M., Stanberg L. & Stevenson D.	0000-0001-9650-3136;;0000-0002-2986-7076	2019-02-15	0	1	Zamia	Zamiaceae
538	538	1	Calonje M., Stanberg L. & Stevenson D.	0000-0001-9650-3136;;0000-0002-2986-7076	2019-02-15	0	1	Zamia	Zamiaceae
539	539	0	Calonje M., Stanberg L. & Stevenson D.	0000-0001-9650-3136;;0000-0002-2986-7076	2019-02-15	0	1	Zamia	Zamiaceae
540	540	0	Calonje M., Stanberg L. & Stevenson D.	0000-0001-9650-3136;;0000-0002-2986-7076	2019-02-15	0	1	Zamia	Zamiaceae
541	541	0	Calonje M., Stanberg L. & Stevenson D.	0000-0001-9650-3136;;0000-0002-2986-7076	2019-02-15	0	1	Zamia	Zamiaceae
542	542	0	Calonje M., Stanberg L. & Stevenson D.	0000-0001-9650-3136;;0000-0002-2986-7076	2019-02-15	0	1	Zamia	Zamiaceae
544	544	0	Calonje M., Stanberg L. & Stevenson D.	0000-0001-9650-3136;;0000-0002-2986-7076	2019-02-15	0	1	Zamia	Zamiaceae
545	545	0	Calonje M., Stanberg L. & Stevenson D.	0000-0001-9650-3136;;0000-0002-2986-7076	2019-02-15	0	1	Zamia	Zamiaceae
546	546	0	Calonje M., Stanberg L. & Stevenson D.	0000-0001-9650-3136;;0000-0002-2986-7076	2019-02-15	0	1	Zamia	Zamiaceae
547	547	0	Calonje M., Stanberg L. & Stevenson D.	0000-0001-9650-3136;;0000-0002-2986-7076	2019-02-15	0	1	Zamia	Zamiaceae
548	548	0	Calonje M., Stanberg L. & Stevenson D.	0000-0001-9650-3136;;0000-0002-2986-7076	2019-02-15	0	1	Zamia	Zamiaceae
549	549	0	Calonje M., Stanberg L. & Stevenson D.	0000-0001-9650-3136;;0000-0002-2986-7076	2019-02-15	0	1	Zamia	Zamiaceae
552	552	0	Calonje M., Stanberg L. & Stevenson D.	0000-0001-9650-3136;;0000-0002-2986-7076	2019-02-15	0	1	Zamia	Zamiaceae
553	553	0	Calonje M., Stanberg L. & Stevenson D.	0000-0001-9650-3136;;0000-0002-2986-7076	2019-02-15	0	1	Zamia	Zamiaceae
554	554	0	Calonje M., Stanberg L. & Stevenson D.	0000-0001-9650-3136;;0000-0002-2986-7076	2019-02-15	0	1	Zamia	Zamiaceae
555	555	0	Calonje M., Stanberg L. & Stevenson D.	0000-0001-9650-3136;;0000-0002-2986-7076	2019-02-15	0	1	Zamia	Zamiaceae
556	556	0	Calonje M., Stanberg L. & Stevenson D.	0000-0001-9650-3136;;0000-0002-2986-7076	2019-02-15	0	1	Zamia	Zamiaceae
557	557	0	Calonje M., Stanberg L. & Stevenson D.	0000-0001-9650-3136;;0000-0002-2986-7076	2019-02-15	0	1	Zamia	Zamiaceae
558	558	0	Calonje M., Stanberg L. & Stevenson D.	0000-0001-9650-3136;;0000-0002-2986-7076	2019-02-15	0	1	Zamia	Zamiaceae
729	729	1	Calonje M., Stanberg L. & Stevenson D.	0000-0001-9650-3136;;0000-0002-2986-7076	2019-02-15	0	1	Zamia	Zamiaceae
561	561	0	Calonje M., Stanberg L. & Stevenson D.	0000-0001-9650-3136;;0000-0002-2986-7076	2019-02-15	0	1	Zamia	Zamiaceae
587	587	1	Calonje M., Stanberg L. & Stevenson D.	0000-0001-9650-3136;;0000-0002-2986-7076	2019-02-15	0	1	Zamia	Zamiaceae
562	562	0	Calonje M., Stanberg L. & Stevenson D.	0000-0001-9650-3136;;0000-0002-2986-7076	2019-02-15	0	1	Zamia	Zamiaceae
563	563	0	Calonje M., Stanberg L. & Stevenson D.	0000-0001-9650-3136;;0000-0002-2986-7076	2019-02-15	0	1	Zamia	Zamiaceae
565	565	0	Calonje M., Stanberg L. & Stevenson D.	0000-0001-9650-3136;;0000-0002-2986-7076	2019-02-15	0	1	Zamia	Zamiaceae
566	566	0	Calonje M., Stanberg L. & Stevenson D.	0000-0001-9650-3136;;0000-0002-2986-7076	2019-02-15	0	1	Zamia	Zamiaceae
567	567	0	Calonje M., Stanberg L. & Stevenson D.	0000-0001-9650-3136;;0000-0002-2986-7076	2019-02-15	0	1	Zamia	Zamiaceae
569	569	1	Calonje M., Stanberg L. & Stevenson D.	0000-0001-9650-3136;;0000-0002-2986-7076	2019-02-15	0	1	Zamia	Zamiaceae
8	8	0	Calonje M., Stanberg L. & Stevenson D.	0000-0001-9650-3136;;0000-0002-2986-7076	2019-02-15	0	1	Zamia	Zamiaceae
