AcceptedTaxonID	Kingdom	Phylum	Class	Order	Superfamily	Family	Genus	SubGenusName	SpeciesEpithet	AuthorString	GSDNameStatus	Sp2000NameStatus	IsExtinct	HasPreHolocene	HasModern	LifeZone	AdditionalData	LTSSpecialists	LTSDate	SpeciesURL	GSDTaxonGUID	GSDNameGUID
9	Plantae	Tracheophyta	Cycadopsida			Zamiaceae	Bowenia		serrulata	(W.Bull) Chamb.		1	0	0	1			Calonje M., Stanberg L. & Stevenson D.	2019-02-15			
10	Plantae	Tracheophyta	Cycadopsida			Zamiaceae	Bowenia		spectabilis	Hook. ex Hook.f.		1	0	0	1			Calonje M., Stanberg L. & Stevenson D.	2019-02-15			
16	Plantae	Tracheophyta	Cycadopsida			Zamiaceae	Ceratozamia		alvarezii	Pérez-Farr., Vovides & Iglesias		1	0	0	1			Calonje M., Stanberg L. & Stevenson D.	2019-02-15			
19	Plantae	Tracheophyta	Cycadopsida			Zamiaceae	Ceratozamia		brevifrons	Miq.		1	0	0	1			Calonje M., Stanberg L. & Stevenson D.	2019-02-15			
818	Plantae	Tracheophyta	Cycadopsida			Zamiaceae	Ceratozamia		chamberlainii	Mart.-Domínguez, Nic.-Mor. & D.W.Stev.		1	0	0	1			Calonje M., Stanberg L. & Stevenson D.	2019-02-15			
20	Plantae	Tracheophyta	Cycadopsida			Zamiaceae	Ceratozamia		chimalapensis	Pérez-Farr. & Vovides		1	0	0	1			Calonje M., Stanberg L. & Stevenson D.	2019-02-15			
21	Plantae	Tracheophyta	Cycadopsida			Zamiaceae	Ceratozamia		decumbens	Vovides, Avendaño, Pérez-Farr. & Gonz.-Astorga		1	0	0	1			Calonje M., Stanberg L. & Stevenson D.	2019-02-15			
632	Plantae	Tracheophyta	Cycadopsida			Zamiaceae	Ceratozamia		delucana	Vázq.Torres, A.Moretti & Carvajal-Hern.		1	0	0	1			Calonje M., Stanberg L. & Stevenson D.	2019-02-15			
22	Plantae	Tracheophyta	Cycadopsida			Zamiaceae	Ceratozamia		euryphyllidia	Vázq.Torres, Sabato & D.W.Stev.		1	0	0	1			Calonje M., Stanberg L. & Stevenson D.	2019-02-15			
374	Plantae	Tracheophyta	Cycadopsida			Zamiaceae	Ceratozamia		fuscoviridis	W.Bull		1	0	0	1			Calonje M., Stanberg L. & Stevenson D.	2019-02-15			
24	Plantae	Tracheophyta	Cycadopsida			Zamiaceae	Ceratozamia		hildae	G.P.Landry & M.C.Wilson		1	0	0	1			Calonje M., Stanberg L. & Stevenson D.	2019-02-15			
25	Plantae	Tracheophyta	Cycadopsida			Zamiaceae	Ceratozamia		hondurensis	J.L.Haynes, Whitelock, Schutzman & R.S.Adams		1	0	0	1			Calonje M., Stanberg L. & Stevenson D.	2019-02-15			
26	Plantae	Tracheophyta	Cycadopsida			Zamiaceae	Ceratozamia		huastecorum	Avendaño, Vovides & Cast.-Campos		1	0	0	1			Calonje M., Stanberg L. & Stevenson D.	2019-02-15			
29	Plantae	Tracheophyta	Cycadopsida			Zamiaceae	Ceratozamia		kuesteriana	Regel		1	0	0	1			Calonje M., Stanberg L. & Stevenson D.	2019-02-15			
30	Plantae	Tracheophyta	Cycadopsida			Zamiaceae	Ceratozamia		latifolia	Miq.		1	0	0	1			Calonje M., Stanberg L. & Stevenson D.	2019-02-15			
32	Plantae	Tracheophyta	Cycadopsida			Zamiaceae	Ceratozamia		matudae	Lundell		1	0	0	1			Calonje M., Stanberg L. & Stevenson D.	2019-02-15			
33	Plantae	Tracheophyta	Cycadopsida			Zamiaceae	Ceratozamia		mexicana	Brongn.		1	0	0	1			Calonje M., Stanberg L. & Stevenson D.	2019-02-15			
35	Plantae	Tracheophyta	Cycadopsida			Zamiaceae	Ceratozamia		microstrobila	Vovides & J.D.Rees		1	0	0	1			Calonje M., Stanberg L. & Stevenson D.	2019-02-15			
36	Plantae	Tracheophyta	Cycadopsida			Zamiaceae	Ceratozamia		miqueliana	H.Wendl.		1	0	0	1			Calonje M., Stanberg L. & Stevenson D.	2019-02-15			
37	Plantae	Tracheophyta	Cycadopsida			Zamiaceae	Ceratozamia		mirandae	Vovides, Pérez-Farr. & Iglesias		1	0	0	1			Calonje M., Stanberg L. & Stevenson D.	2019-02-15			
38	Plantae	Tracheophyta	Cycadopsida			Zamiaceae	Ceratozamia		mixeorum	Chemnick, T.J.Greg. & Salas-Mor.		1	0	0	1			Calonje M., Stanberg L. & Stevenson D.	2019-02-15			
39	Plantae	Tracheophyta	Cycadopsida			Zamiaceae	Ceratozamia		morettii	Vázq.Torres & Vovides		1	0	0	1			Calonje M., Stanberg L. & Stevenson D.	2019-02-15			
40	Plantae	Tracheophyta	Cycadopsida			Zamiaceae	Ceratozamia		norstogii	D.W.Stev.		1	0	0	1			Calonje M., Stanberg L. & Stevenson D.	2019-02-15			
41	Plantae	Tracheophyta	Cycadopsida			Zamiaceae	Ceratozamia		robusta	Miq.		1	0	0	1			Calonje M., Stanberg L. & Stevenson D.	2019-02-15			
42	Plantae	Tracheophyta	Cycadopsida			Zamiaceae	Ceratozamia		sabatoi	Vovides, Vázq.Torres, Schutzman & Iglesias		1	0	0	1			Calonje M., Stanberg L. & Stevenson D.	2019-02-15			
43	Plantae	Tracheophyta	Cycadopsida			Zamiaceae	Ceratozamia		santillanii	Pérez-Farr. & Vovides		1	0	0	1			Calonje M., Stanberg L. & Stevenson D.	2019-02-15			
817	Plantae	Tracheophyta	Cycadopsida			Zamiaceae	Ceratozamia		subroseophylla	Mart.-Domínguez & Nic.-Mor.		1	0	0	1			Calonje M., Stanberg L. & Stevenson D.	2019-02-15			
793	Plantae	Tracheophyta	Cycadopsida			Zamiaceae	Ceratozamia		tenuis	(Dyer) D.W.Stev. & Vovides		1	0	0	1			Calonje M., Stanberg L. & Stevenson D.	2019-02-15			
814	Plantae	Tracheophyta	Cycadopsida			Zamiaceae	Ceratozamia		totonacorum	Mart.-Domínguez & Nic.-Mor.		1	0	0	1			Calonje M., Stanberg L. & Stevenson D.	2019-02-15			
44	Plantae	Tracheophyta	Cycadopsida			Zamiaceae	Ceratozamia		vovidesii	Pérez-Farr. & Iglesias		1	0	0	1			Calonje M., Stanberg L. & Stevenson D.	2019-02-15			
45	Plantae	Tracheophyta	Cycadopsida			Zamiaceae	Ceratozamia		whitelockiana	Chemnick & T.J.Greg.		1	0	0	1			Calonje M., Stanberg L. & Stevenson D.	2019-02-15			
46	Plantae	Tracheophyta	Cycadopsida			Zamiaceae	Ceratozamia		zaragozae	Medellín		1	0	0	1			Calonje M., Stanberg L. & Stevenson D.	2019-02-15			
47	Plantae	Tracheophyta	Cycadopsida			Zamiaceae	Ceratozamia		zoquorum	Pérez-Farr., Vovides & Iglesias		1	0	0	1			Calonje M., Stanberg L. & Stevenson D.	2019-02-15			
52	Plantae	Tracheophyta	Cycadopsida			Cycadaceae	Cycas		aculeata	K.D.Hill & T.H.Nguyên		1	0	0	1			Calonje M., Stanberg L. & Stevenson D.	2019-02-15			
54	Plantae	Tracheophyta	Cycadopsida			Cycadaceae	Cycas		aenigma	K.D.Hill & A.Lindstr.		1	0	0	1			Calonje M., Stanberg L. & Stevenson D.	2019-02-15			
55	Plantae	Tracheophyta	Cycadopsida			Cycadaceae	Cycas		angulata	R.Br.		1	0	0	1			Calonje M., Stanberg L. & Stevenson D.	2019-02-15			
56	Plantae	Tracheophyta	Cycadopsida			Cycadaceae	Cycas		annaikalensis	Rita Singh & P.Radha		1	0	0	1			Calonje M., Stanberg L. & Stevenson D.	2019-02-15			
57	Plantae	Tracheophyta	Cycadopsida			Cycadaceae	Cycas		apoa	K.D.Hill		1	0	0	1			Calonje M., Stanberg L. & Stevenson D.	2019-02-15			
58	Plantae	Tracheophyta	Cycadopsida			Cycadaceae	Cycas		arenicola	K.D.Hill		1	0	0	1			Calonje M., Stanberg L. & Stevenson D.	2019-02-15			
59	Plantae	Tracheophyta	Cycadopsida			Cycadaceae	Cycas		armstrongii	Miq.		1	0	0	1			Calonje M., Stanberg L. & Stevenson D.	2019-02-15			
60	Plantae	Tracheophyta	Cycadopsida			Cycadaceae	Cycas		arnhemica	K.D.Hill		1	0	0	1			Calonje M., Stanberg L. & Stevenson D.	2019-02-15			
63	Plantae	Tracheophyta	Cycadopsida			Cycadaceae	Cycas		badensis	K.D.Hill		1	0	0	1			Calonje M., Stanberg L. & Stevenson D.	2019-02-15			
829	Plantae	Tracheophyta	Cycadopsida			Cycadaceae	Cycas		baiseensis	Y.Y.Huang, Y.C.Zhong & Z.F.Lu		1	0	0	1			Calonje M., Stanberg L. & Stevenson D.	2019-02-15			
65	Plantae	Tracheophyta	Cycadopsida			Cycadaceae	Cycas		balansae	Warb.		1	0	0	1			Calonje M., Stanberg L. & Stevenson D.	2019-02-15			
66	Plantae	Tracheophyta	Cycadopsida			Cycadaceae	Cycas		basaltica	C.A.Gardner		1	0	0	1			Calonje M., Stanberg L. & Stevenson D.	2019-02-15			
67	Plantae	Tracheophyta	Cycadopsida			Cycadaceae	Cycas		beddomei	Dyer		1	0	0	1			Calonje M., Stanberg L. & Stevenson D.	2019-02-15			
68	Plantae	Tracheophyta	Cycadopsida			Cycadaceae	Cycas		bellefontii	L.Linden & Rodigas		4	0	0	1			Calonje M., Stanberg L. & Stevenson D.	2019-02-15			
69	Plantae	Tracheophyta	Cycadopsida			Cycadaceae	Cycas		bifida	(Dyer) K.D.Hill		1	0	0	1			Calonje M., Stanberg L. & Stevenson D.	2019-02-15			
571	Plantae	Tracheophyta	Cycadopsida			Cycadaceae	Cycas		bifida x C. dolichophylla			1	0	0	1		Hybrid formula: Cycas bifida x C. dolichophylla	Calonje M., Stanberg L. & Stevenson D.	2019-02-15			
570	Plantae	Tracheophyta	Cycadopsida			Cycadaceae	Cycas		bifida x C. multipinnata			1	0	0	1		Hybrid formula: Cycas bifida x C. multipinnata	Calonje M., Stanberg L. & Stevenson D.	2019-02-15			
70	Plantae	Tracheophyta	Cycadopsida			Cycadaceae	Cycas		bougainvilleana	K.D.Hill		1	0	0	1			Calonje M., Stanberg L. & Stevenson D.	2019-02-15			
71	Plantae	Tracheophyta	Cycadopsida			Cycadaceae	Cycas		brachycantha	K.D.Hill, T.H.Nguyên & P.K.Lôc		1	0	0	1			Calonje M., Stanberg L. & Stevenson D.	2019-02-15			
73	Plantae	Tracheophyta	Cycadopsida			Cycadaceae	Cycas		brunnea	K.D.Hill		1	0	0	1			Calonje M., Stanberg L. & Stevenson D.	2019-02-15			
75	Plantae	Tracheophyta	Cycadopsida			Cycadaceae	Cycas		cairnsiana	F.Muell.		1	0	0	1			Calonje M., Stanberg L. & Stevenson D.	2019-02-15			
76	Plantae	Tracheophyta	Cycadopsida			Cycadaceae	Cycas		calcicola	Maconochie		1	0	0	1			Calonje M., Stanberg L. & Stevenson D.	2019-02-15			
77	Plantae	Tracheophyta	Cycadopsida			Cycadaceae	Cycas		campestris	K.D.Hill		1	0	0	1			Calonje M., Stanberg L. & Stevenson D.	2019-02-15			
79	Plantae	Tracheophyta	Cycadopsida			Cycadaceae	Cycas		canalis	K.D.Hill		1	0	0	1			Calonje M., Stanberg L. & Stevenson D.	2019-02-15			
80	Plantae	Tracheophyta	Cycadopsida			Cycadaceae	Cycas		candida	K.D.Hill		1	0	0	1			Calonje M., Stanberg L. & Stevenson D.	2019-02-15			
81	Plantae	Tracheophyta	Cycadopsida			Cycadaceae	Cycas		cantafolia	Jutta, K.L.Chew & Saw		1	0	0	1			Calonje M., Stanberg L. & Stevenson D.	2019-02-15			
83	Plantae	Tracheophyta	Cycadopsida			Cycadaceae	Cycas		chamaoensis	K.D.Hill		1	0	0	1			Calonje M., Stanberg L. & Stevenson D.	2019-02-15			
85	Plantae	Tracheophyta	Cycadopsida			Cycadaceae	Cycas		changjiangensis	N.Liu		1	0	0	1			Calonje M., Stanberg L. & Stevenson D.	2019-02-15			
665	Plantae	Tracheophyta	Cycadopsida			Cycadaceae	Cycas		chenii	X.Gong & Wei Zhou		1	0	0	1			Calonje M., Stanberg L. & Stevenson D.	2019-02-15			
86	Plantae	Tracheophyta	Cycadopsida			Cycadaceae	Cycas		chevalieri	Leandri		1	0	0	1			Calonje M., Stanberg L. & Stevenson D.	2019-02-15			
87	Plantae	Tracheophyta	Cycadopsida			Cycadaceae	Cycas		circinalis	L.		1	0	0	1			Calonje M., Stanberg L. & Stevenson D.	2019-02-15			
107	Plantae	Tracheophyta	Cycadopsida			Cycadaceae	Cycas		clivicola	K.D.Hill		1	0	0	1			Calonje M., Stanberg L. & Stevenson D.	2019-02-15			
109	Plantae	Tracheophyta	Cycadopsida			Cycadaceae	Cycas		collina	K.D.Hill, T.H.Nguyên & P.K.Lôc		1	0	0	1			Calonje M., Stanberg L. & Stevenson D.	2019-02-15			
110	Plantae	Tracheophyta	Cycadopsida			Cycadaceae	Cycas		condaoensis	K.D.Hill & S.L.Yang		1	0	0	1			Calonje M., Stanberg L. & Stevenson D.	2019-02-15			
111	Plantae	Tracheophyta	Cycadopsida			Cycadaceae	Cycas		conferta	Chirgwin ex Chirgwin & Wigston		1	0	0	1			Calonje M., Stanberg L. & Stevenson D.	2019-02-15			
112	Plantae	Tracheophyta	Cycadopsida			Cycadaceae	Cycas		couttsiana	K.D.Hill		1	0	0	1			Calonje M., Stanberg L. & Stevenson D.	2019-02-15			
114	Plantae	Tracheophyta	Cycadopsida			Cycadaceae	Cycas		cupida	P.I.Forst.		1	0	0	1			Calonje M., Stanberg L. & Stevenson D.	2019-02-15			
115	Plantae	Tracheophyta	Cycadopsida			Cycadaceae	Cycas		curranii	(J.Schust.) K.D.Hill		1	0	0	1			Calonje M., Stanberg L. & Stevenson D.	2019-02-15			
792	Plantae	Tracheophyta	Cycadopsida			Cycadaceae	Cycas		darshii	R.C.Srivast. & Jana		4	0	0	1			Calonje M., Stanberg L. & Stevenson D.	2019-02-15			
116	Plantae	Tracheophyta	Cycadopsida			Cycadaceae	Cycas		debaoensis	Y.C.Zhong & C.J.Chen		1	0	0	1			Calonje M., Stanberg L. & Stevenson D.	2019-02-15			
117	Plantae	Tracheophyta	Cycadopsida			Cycadaceae	Cycas		desolata	P.I.Forst.		1	0	0	1			Calonje M., Stanberg L. & Stevenson D.	2019-02-15			
118	Plantae	Tracheophyta	Cycadopsida			Cycadaceae	Cycas		diannanensis	Z.T.Guan & G.D.Tao		1	0	0	1			Calonje M., Stanberg L. & Stevenson D.	2019-02-15			
820	Plantae	Tracheophyta	Cycadopsida			Cycadaceae	Cycas		distans	P.I.Forst. & B.Gray		1	0	0	1			Calonje M., Stanberg L. & Stevenson D.	2019-02-15			
119	Plantae	Tracheophyta	Cycadopsida			Cycadaceae	Cycas		dolichophylla	K.D.Hill, T.H.Nguyên & P.K.Lôc		1	0	0	1			Calonje M., Stanberg L. & Stevenson D.	2019-02-15			
120	Plantae	Tracheophyta	Cycadopsida			Cycadaceae	Cycas		edentata	de Laub.		1	0	0	1			Calonje M., Stanberg L. & Stevenson D.	2019-02-15			
121	Plantae	Tracheophyta	Cycadopsida			Cycadaceae	Cycas		elephantipes	A.Lindstr. & K.D.Hill		1	0	0	1			Calonje M., Stanberg L. & Stevenson D.	2019-02-15			
122	Plantae	Tracheophyta	Cycadopsida			Cycadaceae	Cycas		elongata	(Leandri) D.Yue Wang		1	0	0	1			Calonje M., Stanberg L. & Stevenson D.	2019-02-15			
123	Plantae	Tracheophyta	Cycadopsida			Cycadaceae	Cycas		fairylakea	D.Yue Wang		1	0	0	1			Calonje M., Stanberg L. & Stevenson D.	2019-02-15			
124	Plantae	Tracheophyta	Cycadopsida			Cycadaceae	Cycas		falcata	K.D.Hill		1	0	0	1			Calonje M., Stanberg L. & Stevenson D.	2019-02-15			
125	Plantae	Tracheophyta	Cycadopsida			Cycadaceae	Cycas		ferruginea	F.N.Wei		1	0	0	1			Calonje M., Stanberg L. & Stevenson D.	2019-02-15			
126	Plantae	Tracheophyta	Cycadopsida			Cycadaceae	Cycas		fugax	K.D.Hill, T.H.Nguyên & P.K.Lôc		1	0	0	1			Calonje M., Stanberg L. & Stevenson D.	2019-02-15			
127	Plantae	Tracheophyta	Cycadopsida			Cycadaceae	Cycas		furfuracea	W.Fitzg.		1	0	0	1			Calonje M., Stanberg L. & Stevenson D.	2019-02-15			
128	Plantae	Tracheophyta	Cycadopsida			Cycadaceae	Cycas		glauca	Hort. ex Miq.		1	0	0	1			Calonje M., Stanberg L. & Stevenson D.	2019-02-15			
133	Plantae	Tracheophyta	Cycadopsida			Cycadaceae	Cycas		guizhouensis	K.M.Lan & R.F.Zou		1	0	0	1			Calonje M., Stanberg L. & Stevenson D.	2019-02-15			
134	Plantae	Tracheophyta	Cycadopsida			Cycadaceae	Cycas		hainanensis	C.J.Chen		1	0	0	1			Calonje M., Stanberg L. & Stevenson D.	2019-02-15			
136	Plantae	Tracheophyta	Cycadopsida			Cycadaceae	Cycas		hoabinhensis	P.K.Lôc & T.H.Nguyên		1	0	0	1			Calonje M., Stanberg L. & Stevenson D.	2019-02-15			
137	Plantae	Tracheophyta	Cycadopsida			Cycadaceae	Cycas		hongheensis	S.Y.Yang & S.L.Yang ex D.Yue Wang		1	0	0	1			Calonje M., Stanberg L. & Stevenson D.	2019-02-15			
138	Plantae	Tracheophyta	Cycadopsida			Cycadaceae	Cycas		hypoleuca	C.Presl.		4	0	0	1			Calonje M., Stanberg L. & Stevenson D.	2019-02-15			
140	Plantae	Tracheophyta	Cycadopsida			Cycadaceae	Cycas		indica	A.Lindstr. & K.D.Hill		1	0	0	1			Calonje M., Stanberg L. & Stevenson D.	2019-02-15			
141	Plantae	Tracheophyta	Cycadopsida			Cycadaceae	Cycas		inermis	Lour.		1	0	0	1			Calonje M., Stanberg L. & Stevenson D.	2019-02-15			
142	Plantae	Tracheophyta	Cycadopsida			Cycadaceae	Cycas		javana	(Miq.) de Laub.		1	0	0	1			Calonje M., Stanberg L. & Stevenson D.	2019-02-15			
145	Plantae	Tracheophyta	Cycadopsida			Cycadaceae	Cycas		lacrimans	A.Lindstr. & K.D.Hill		1	0	0	1			Calonje M., Stanberg L. & Stevenson D.	2019-02-15			
146	Plantae	Tracheophyta	Cycadopsida			Cycadaceae	Cycas		lane-poolei	C.A.Gardner		1	0	0	1			Calonje M., Stanberg L. & Stevenson D.	2019-02-15			
653	Plantae	Tracheophyta	Cycadopsida			Cycadaceae	Cycas		laotica	Aver., T.H.Nguyên & S.K.Nguyên		1	0	0	1			Calonje M., Stanberg L. & Stevenson D.	2019-02-15			
147	Plantae	Tracheophyta	Cycadopsida			Cycadaceae	Cycas		lindstromii	S.L.Yang, K.D.Hill & T.H.Nguyên		1	0	0	1			Calonje M., Stanberg L. & Stevenson D.	2019-02-15			
154	Plantae	Tracheophyta	Cycadopsida			Cycadaceae	Cycas		maconochiei	Chirgwin & K.D.Hill		1	0	0	1			Calonje M., Stanberg L. & Stevenson D.	2019-02-15			
157	Plantae	Tracheophyta	Cycadopsida			Cycadaceae	Cycas		macrocarpa	Griff.		1	0	0	1			Calonje M., Stanberg L. & Stevenson D.	2019-02-15			
159	Plantae	Tracheophyta	Cycadopsida			Cycadaceae	Cycas		media	R.Br.		1	0	0	1			Calonje M., Stanberg L. & Stevenson D.	2019-02-15			
572	Plantae	Tracheophyta	Cycadopsida			Cycadaceae	Cycas		media x C. ophiolitica			1	0	0	1		Hybrid formula: Cycas media x C. ophiolitica	Calonje M., Stanberg L. & Stevenson D.	2019-02-15			
162	Plantae	Tracheophyta	Cycadopsida			Cycadaceae	Cycas		megacarpa	K.D.Hill		1	0	0	1			Calonje M., Stanberg L. & Stevenson D.	2019-02-15			
163	Plantae	Tracheophyta	Cycadopsida			Cycadaceae	Cycas		micholitzii	Dyer		1	0	0	1			Calonje M., Stanberg L. & Stevenson D.	2019-02-15			
165	Plantae	Tracheophyta	Cycadopsida			Cycadaceae	Cycas		micronesica	K.D.Hill		1	0	0	1			Calonje M., Stanberg L. & Stevenson D.	2019-02-15			
167	Plantae	Tracheophyta	Cycadopsida			Cycadaceae	Cycas		montana	A.Lindstr. & K.D.Hill		1	0	0	1			Calonje M., Stanberg L. & Stevenson D.	2019-02-15			
169	Plantae	Tracheophyta	Cycadopsida			Cycadaceae	Cycas		multifrondis	D.Yue Wang		1	0	0	1			Calonje M., Stanberg L. & Stevenson D.	2019-02-15			
170	Plantae	Tracheophyta	Cycadopsida			Cycadaceae	Cycas		multipinnata	C.J.Chen & S.Y.Yang		1	0	0	1			Calonje M., Stanberg L. & Stevenson D.	2019-02-15			
172	Plantae	Tracheophyta	Cycadopsida			Cycadaceae	Cycas		nathorstii	J.Schust.		1	0	0	1			Calonje M., Stanberg L. & Stevenson D.	2019-02-15			
674	Plantae	Tracheophyta	Cycadopsida			Cycadaceae	Cycas		nayagarhensis	Rita Singh, P.Radha & Khuraijam		1	0	0	1			Calonje M., Stanberg L. & Stevenson D.	2019-02-15			
173	Plantae	Tracheophyta	Cycadopsida			Cycadaceae	Cycas		nitida	K.D.Hill & A.Lindstr.		1	0	0	1			Calonje M., Stanberg L. & Stevenson D.	2019-02-15			
174	Plantae	Tracheophyta	Cycadopsida			Cycadaceae	Cycas		nongnoochiae	K.D.Hill		1	0	0	1			Calonje M., Stanberg L. & Stevenson D.	2019-02-15			
176	Plantae	Tracheophyta	Cycadopsida			Cycadaceae	Cycas		ophiolitica	K.D.Hill		1	0	0	1			Calonje M., Stanberg L. & Stevenson D.	2019-02-15			
177	Plantae	Tracheophyta	Cycadopsida			Cycadaceae	Cycas		orientis	K.D.Hill		1	0	0	1			Calonje M., Stanberg L. & Stevenson D.	2019-02-15			
673	Plantae	Tracheophyta	Cycadopsida			Cycadaceae	Cycas		orixensis	(Haines) Rita Singh & Khuraijam		1	0	0	1			Calonje M., Stanberg L. & Stevenson D.	2019-02-15			
178	Plantae	Tracheophyta	Cycadopsida			Cycadaceae	Cycas		pachypoda	K.D.Hill		1	0	0	1			Calonje M., Stanberg L. & Stevenson D.	2019-02-15			
180	Plantae	Tracheophyta	Cycadopsida			Cycadaceae	Cycas		panzhihuaensis	L.Zhou & S.Y.Yang		1	0	0	1			Calonje M., Stanberg L. & Stevenson D.	2019-02-15			
181	Plantae	Tracheophyta	Cycadopsida			Cycadaceae	Cycas		papuana	F.Muell.		1	0	0	1			Calonje M., Stanberg L. & Stevenson D.	2019-02-15			
183	Plantae	Tracheophyta	Cycadopsida			Cycadaceae	Cycas		pectinata	Buch.-Ham.		1	0	0	1			Calonje M., Stanberg L. & Stevenson D.	2019-02-15			
186	Plantae	Tracheophyta	Cycadopsida			Cycadaceae	Cycas		petraea	A.Lindstr. & K.D.Hill		1	0	0	1			Calonje M., Stanberg L. & Stevenson D.	2019-02-15			
187	Plantae	Tracheophyta	Cycadopsida			Cycadaceae	Cycas		platyphylla	K.D.Hill		1	0	0	1			Calonje M., Stanberg L. & Stevenson D.	2019-02-15			
188	Plantae	Tracheophyta	Cycadopsida			Cycadaceae	Cycas		pranburiensis	S.L.Yang, W.Tang, K.D.Hill & Vatch.		1	0	0	1			Calonje M., Stanberg L. & Stevenson D.	2019-02-15			
189	Plantae	Tracheophyta	Cycadopsida			Cycadaceae	Cycas		pruinosa	Maconochie		1	0	0	1			Calonje M., Stanberg L. & Stevenson D.	2019-02-15			
190	Plantae	Tracheophyta	Cycadopsida			Cycadaceae	Cycas		pygmaea	Blume		4	0	0	1			Calonje M., Stanberg L. & Stevenson D.	2019-02-15			
191	Plantae	Tracheophyta	Cycadopsida			Cycadaceae	Cycas		revoluta	Thunb.		1	0	0	1			Calonje M., Stanberg L. & Stevenson D.	2019-02-15			
196	Plantae	Tracheophyta	Cycadopsida			Cycadaceae	Cycas		riuminiana	Porte ex Regel		1	0	0	1			Calonje M., Stanberg L. & Stevenson D.	2019-02-15			
197	Plantae	Tracheophyta	Cycadopsida			Cycadaceae	Cycas		rumphii	Miq.		1	0	0	1			Calonje M., Stanberg L. & Stevenson D.	2019-02-15			
595	Plantae	Tracheophyta	Cycadopsida			Cycadaceae	Cycas		sainathii	R.C.Srivast.		1	0	0	1			Calonje M., Stanberg L. & Stevenson D.	2019-02-15			
202	Plantae	Tracheophyta	Cycadopsida			Cycadaceae	Cycas		sancti-lasallei	Agoo & Madulid		1	0	0	1			Calonje M., Stanberg L. & Stevenson D.	2019-02-15			
203	Plantae	Tracheophyta	Cycadopsida			Cycadaceae	Cycas		saxatilis	K.D.Hill & A.Lindstr.		1	0	0	1			Calonje M., Stanberg L. & Stevenson D.	2019-02-15			
204	Plantae	Tracheophyta	Cycadopsida			Cycadaceae	Cycas		schumanniana	Lauterb.		1	0	0	1			Calonje M., Stanberg L. & Stevenson D.	2019-02-15			
205	Plantae	Tracheophyta	Cycadopsida			Cycadaceae	Cycas		scratchleyana	F.Muell.		1	0	0	1			Calonje M., Stanberg L. & Stevenson D.	2019-02-15			
206	Plantae	Tracheophyta	Cycadopsida			Cycadaceae	Cycas		seemannii	Braun		1	0	0	1			Calonje M., Stanberg L. & Stevenson D.	2019-02-15			
207	Plantae	Tracheophyta	Cycadopsida			Cycadaceae	Cycas		segmentifida	D.Yue Wang & C.Y.Deng		1	0	0	1			Calonje M., Stanberg L. & Stevenson D.	2019-02-15			
208	Plantae	Tracheophyta	Cycadopsida			Cycadaceae	Cycas		semota	K.D.Hill		1	0	0	1			Calonje M., Stanberg L. & Stevenson D.	2019-02-15			
815	Plantae	Tracheophyta	Cycadopsida			Cycadaceae	Cycas		seshachalamensis	P.V.C.Rao, N.V.S.Prasad, P.M.Babu, K.Prassad & Prasanna		1	0	0	1			Calonje M., Stanberg L. & Stevenson D.	2019-02-15			
210	Plantae	Tracheophyta	Cycadopsida			Cycadaceae	Cycas		sexseminifera	F.N.Wei		1	0	0	1			Calonje M., Stanberg L. & Stevenson D.	2019-02-15			
213	Plantae	Tracheophyta	Cycadopsida			Cycadaceae	Cycas		siamensis	Miq.		1	0	0	1			Calonje M., Stanberg L. & Stevenson D.	2019-02-15			
215	Plantae	Tracheophyta	Cycadopsida			Cycadaceae	Cycas		silvestris	K.D.Hill		1	0	0	1			Calonje M., Stanberg L. & Stevenson D.	2019-02-15			
216	Plantae	Tracheophyta	Cycadopsida			Cycadaceae	Cycas		simplicipinna	(Smitinand) K.D.Hill		1	0	0	1			Calonje M., Stanberg L. & Stevenson D.	2019-02-15			
217	Plantae	Tracheophyta	Cycadopsida			Cycadaceae	Cycas		sphaerica	Roxb.		1	0	0	1			Calonje M., Stanberg L. & Stevenson D.	2019-02-15			
219	Plantae	Tracheophyta	Cycadopsida			Cycadaceae	Cycas		sundaica	Miq. ex A.Lindstr. & K.D.Hill		1	0	0	1			Calonje M., Stanberg L. & Stevenson D.	2019-02-15			
221	Plantae	Tracheophyta	Cycadopsida			Cycadaceae	Cycas		szechuanensis	W.C.Cheng & L.K.Fu		1	0	0	1			Calonje M., Stanberg L. & Stevenson D.	2019-02-15			
223	Plantae	Tracheophyta	Cycadopsida			Cycadaceae	Cycas		taitungensis	C.F.Shen, K.D.Hill, C.H.Tsou & C.J.Chen		1	0	0	1			Calonje M., Stanberg L. & Stevenson D.	2019-02-15			
224	Plantae	Tracheophyta	Cycadopsida			Cycadaceae	Cycas		taiwaniana	Carruth.		1	0	0	1			Calonje M., Stanberg L. & Stevenson D.	2019-02-15			
225	Plantae	Tracheophyta	Cycadopsida			Cycadaceae	Cycas		tanqingii	D.Yue Wang		1	0	0	1			Calonje M., Stanberg L. & Stevenson D.	2019-02-15			
226	Plantae	Tracheophyta	Cycadopsida			Cycadaceae	Cycas		tansachana	K.D.Hill & S.L.Yang		1	0	0	1			Calonje M., Stanberg L. & Stevenson D.	2019-02-15			
227	Plantae	Tracheophyta	Cycadopsida			Cycadaceae	Cycas		terryana	P.I.Forst.		1	0	0	1			Calonje M., Stanberg L. & Stevenson D.	2019-02-15			
228	Plantae	Tracheophyta	Cycadopsida			Cycadaceae	Cycas		thouarsii	R.Br. ex Gaudich.		1	0	0	1			Calonje M., Stanberg L. & Stevenson D.	2019-02-15			
229	Plantae	Tracheophyta	Cycadopsida			Cycadaceae	Cycas		tonkinensis	(L.Linden & Rodigas) Rodigas		4	0	0	1			Calonje M., Stanberg L. & Stevenson D.	2019-02-15			
230	Plantae	Tracheophyta	Cycadopsida			Cycadaceae	Cycas		tropophylla	K.D.Hill & P.K.Lôc		1	0	0	1			Calonje M., Stanberg L. & Stevenson D.	2019-02-15			
232	Plantae	Tracheophyta	Cycadopsida			Cycadaceae	Cycas		tuckeri	K.D.Hill		1	0	0	1			Calonje M., Stanberg L. & Stevenson D.	2019-02-15			
234	Plantae	Tracheophyta	Cycadopsida			Cycadaceae	Cycas		vespertilio	A.Lindstr. & K.D.Hill		1	0	0	1			Calonje M., Stanberg L. & Stevenson D.	2019-02-15			
235	Plantae	Tracheophyta	Cycadopsida			Cycadaceae	Cycas		wadei	Merr.		1	0	0	1			Calonje M., Stanberg L. & Stevenson D.	2019-02-15			
238	Plantae	Tracheophyta	Cycadopsida			Cycadaceae	Cycas		xipholepis	K.D.Hill		1	0	0	1			Calonje M., Stanberg L. & Stevenson D.	2019-02-15			
239	Plantae	Tracheophyta	Cycadopsida			Cycadaceae	Cycas		yorkiana	K.D.Hill		1	0	0	1			Calonje M., Stanberg L. & Stevenson D.	2019-02-15			
240	Plantae	Tracheophyta	Cycadopsida			Cycadaceae	Cycas		zambalensis	Madulid & Agoo		1	0	0	1			Calonje M., Stanberg L. & Stevenson D.	2019-02-15			
241	Plantae	Tracheophyta	Cycadopsida			Cycadaceae	Cycas		zeylanica	(J.Schust.) A.Lindstr. & K.D.Hill		1	0	0	1			Calonje M., Stanberg L. & Stevenson D.	2019-02-15			
244	Plantae	Tracheophyta	Cycadopsida			Zamiaceae	Dioon		angustifolium	Miq.		1	0	0	1			Calonje M., Stanberg L. & Stevenson D.	2019-02-15			
245	Plantae	Tracheophyta	Cycadopsida			Zamiaceae	Dioon		argenteum	T.J.Greg., Chemnick, Salas-Mor. & Vovides		1	0	0	1			Calonje M., Stanberg L. & Stevenson D.	2019-02-15			
246	Plantae	Tracheophyta	Cycadopsida			Zamiaceae	Dioon		califanoi	De Luca & Sabato		1	0	0	1			Calonje M., Stanberg L. & Stevenson D.	2019-02-15			
247	Plantae	Tracheophyta	Cycadopsida			Zamiaceae	Dioon		caputoi	De Luca, Sabato & Vázq.Torres		1	0	0	1			Calonje M., Stanberg L. & Stevenson D.	2019-02-15			
248	Plantae	Tracheophyta	Cycadopsida			Zamiaceae	Dioon		edule	Lindl.		1	0	0	1			Calonje M., Stanberg L. & Stevenson D.	2019-02-15			
255	Plantae	Tracheophyta	Cycadopsida			Zamiaceae	Dioon		holmgrenii	De Luca, Sabato & Vázq.Torres		1	0	0	1			Calonje M., Stanberg L. & Stevenson D.	2019-02-15			
257	Plantae	Tracheophyta	Cycadopsida			Zamiaceae	Dioon		mejiae	Standl. & L.O.Williams		1	0	0	1			Calonje M., Stanberg L. & Stevenson D.	2019-02-15			
258	Plantae	Tracheophyta	Cycadopsida			Zamiaceae	Dioon		merolae	De Luca, Sabato & Vázq.Torres		1	0	0	1			Calonje M., Stanberg L. & Stevenson D.	2019-02-15			
740	Plantae	Tracheophyta	Cycadopsida			Zamiaceae	Dioon		planifolium	Salas-Mor., Chemnick & T.J.Greg.		1	0	0	1			Calonje M., Stanberg L. & Stevenson D.	2019-02-15			
259	Plantae	Tracheophyta	Cycadopsida			Zamiaceae	Dioon		purpusii	Rose		1	0	0	1			Calonje M., Stanberg L. & Stevenson D.	2019-02-15			
260	Plantae	Tracheophyta	Cycadopsida			Zamiaceae	Dioon		rzedowskii	De Luca, A.Moretti, Sabato & Vázq.Torres		1	0	0	1			Calonje M., Stanberg L. & Stevenson D.	2019-02-15			
261	Plantae	Tracheophyta	Cycadopsida			Zamiaceae	Dioon		sonorense	(De Luca, Sabato & Vázq.Torres) Chemnick, T.J.Greg. & Salas-Mor.		1	0	0	1			Calonje M., Stanberg L. & Stevenson D.	2019-02-15			
262	Plantae	Tracheophyta	Cycadopsida			Zamiaceae	Dioon		spinulosum	Dyer ex Eichler		1	0	0	1			Calonje M., Stanberg L. & Stevenson D.	2019-02-15			
263	Plantae	Tracheophyta	Cycadopsida			Zamiaceae	Dioon		stevensonii	Nic.-Mor. & Vovides		1	0	0	1			Calonje M., Stanberg L. & Stevenson D.	2019-02-15			
265	Plantae	Tracheophyta	Cycadopsida			Zamiaceae	Dioon		tomasellii	De Luca, Sabato & Vázq.Torres		1	0	0	1			Calonje M., Stanberg L. & Stevenson D.	2019-02-15			
827	Plantae	Tracheophyta	Cycadopsida			Zamiaceae	Dioon		vovidesii	Gut.Ortega & Pérez-Farr.		1	0	0	1			Calonje M., Stanberg L. & Stevenson D.	2019-02-15			
271	Plantae	Tracheophyta	Cycadopsida			Zamiaceae	Encephalartos		aemulans	Vorster		1	0	0	1			Calonje M., Stanberg L. & Stevenson D.	2019-02-15			
272	Plantae	Tracheophyta	Cycadopsida			Zamiaceae	Encephalartos		altensteinii	Lehm.		1	0	0	1			Calonje M., Stanberg L. & Stevenson D.	2019-02-15			
273	Plantae	Tracheophyta	Cycadopsida			Zamiaceae	Encephalartos		aplanatus	Vorster		1	0	0	1			Calonje M., Stanberg L. & Stevenson D.	2019-02-15			
274	Plantae	Tracheophyta	Cycadopsida			Zamiaceae	Encephalartos		arenarius	R.A.Dyer		1	0	0	1			Calonje M., Stanberg L. & Stevenson D.	2019-02-15			
275	Plantae	Tracheophyta	Cycadopsida			Zamiaceae	Encephalartos		barteri	Carruth. ex Miq.		1	0	0	1			Calonje M., Stanberg L. & Stevenson D.	2019-02-15			
278	Plantae	Tracheophyta	Cycadopsida			Zamiaceae	Encephalartos		brevifoliolatus	Vorster		1	0	0	1			Calonje M., Stanberg L. & Stevenson D.	2019-02-15			
279	Plantae	Tracheophyta	Cycadopsida			Zamiaceae	Encephalartos		bubalinus	Melville		1	0	0	1			Calonje M., Stanberg L. & Stevenson D.	2019-02-15			
280	Plantae	Tracheophyta	Cycadopsida			Zamiaceae	Encephalartos		caffer	(Thunb.) Lehm.		1	0	0	1			Calonje M., Stanberg L. & Stevenson D.	2019-02-15			
281	Plantae	Tracheophyta	Cycadopsida			Zamiaceae	Encephalartos		cerinus	Lavranos & D.L.Goode		1	0	0	1			Calonje M., Stanberg L. & Stevenson D.	2019-02-15			
282	Plantae	Tracheophyta	Cycadopsida			Zamiaceae	Encephalartos		chimanimaniensis	R.A.Dyer & I.Verd.		1	0	0	1			Calonje M., Stanberg L. & Stevenson D.	2019-02-15			
283	Plantae	Tracheophyta	Cycadopsida			Zamiaceae	Encephalartos		concinnus	R.A.Dyer & I.Verd.		1	0	0	1			Calonje M., Stanberg L. & Stevenson D.	2019-02-15			
284	Plantae	Tracheophyta	Cycadopsida			Zamiaceae	Encephalartos		cupidus	R.A.Dyer		1	0	0	1			Calonje M., Stanberg L. & Stevenson D.	2019-02-15			
285	Plantae	Tracheophyta	Cycadopsida			Zamiaceae	Encephalartos		cycadifolius	(Jacq.) Lehm.		1	0	0	1			Calonje M., Stanberg L. & Stevenson D.	2019-02-15			
286	Plantae	Tracheophyta	Cycadopsida			Zamiaceae	Encephalartos		delucanus	Malaisse, Sclavo & Crosiers		1	0	0	1			Calonje M., Stanberg L. & Stevenson D.	2019-02-15			
287	Plantae	Tracheophyta	Cycadopsida			Zamiaceae	Encephalartos		dolomiticus	Lavranos & D.L.Goode		1	0	0	1			Calonje M., Stanberg L. & Stevenson D.	2019-02-15			
288	Plantae	Tracheophyta	Cycadopsida			Zamiaceae	Encephalartos		dyerianus	Lavranos & D.L.Goode		1	0	0	1			Calonje M., Stanberg L. & Stevenson D.	2019-02-15			
289	Plantae	Tracheophyta	Cycadopsida			Zamiaceae	Encephalartos		equatorialis	P.J.H.Hurter		1	0	0	1			Calonje M., Stanberg L. & Stevenson D.	2019-02-15			
290	Plantae	Tracheophyta	Cycadopsida			Zamiaceae	Encephalartos		eugene-maraisii	I.Verd.		1	0	0	1			Calonje M., Stanberg L. & Stevenson D.	2019-02-15			
293	Plantae	Tracheophyta	Cycadopsida			Zamiaceae	Encephalartos		ferox	G.Bertol		1	0	0	1			Calonje M., Stanberg L. & Stevenson D.	2019-02-15			
295	Plantae	Tracheophyta	Cycadopsida			Zamiaceae	Encephalartos		friderici-guilielmi	Lehm.		1	0	0	1			Calonje M., Stanberg L. & Stevenson D.	2019-02-15			
296	Plantae	Tracheophyta	Cycadopsida			Zamiaceae	Encephalartos		ghellinckii	Lem.		1	0	0	1			Calonje M., Stanberg L. & Stevenson D.	2019-02-15			
298	Plantae	Tracheophyta	Cycadopsida			Zamiaceae	Encephalartos		gratus	Prain		1	0	0	1			Calonje M., Stanberg L. & Stevenson D.	2019-02-15			
299	Plantae	Tracheophyta	Cycadopsida			Zamiaceae	Encephalartos		heenanii	R.A.Dyer		1	0	0	1			Calonje M., Stanberg L. & Stevenson D.	2019-02-15			
300	Plantae	Tracheophyta	Cycadopsida			Zamiaceae	Encephalartos		hildebrandtii	A.Braun & C.D.Bouché		1	0	0	1			Calonje M., Stanberg L. & Stevenson D.	2019-02-15			
302	Plantae	Tracheophyta	Cycadopsida			Zamiaceae	Encephalartos		hirsutus	P.J.H.Hurter		1	0	0	1			Calonje M., Stanberg L. & Stevenson D.	2019-02-15			
303	Plantae	Tracheophyta	Cycadopsida			Zamiaceae	Encephalartos		horridus	(Jacq.) Lehm.		1	0	0	1			Calonje M., Stanberg L. & Stevenson D.	2019-02-15			
305	Plantae	Tracheophyta	Cycadopsida			Zamiaceae	Encephalartos		humilis	I.Verd.		1	0	0	1			Calonje M., Stanberg L. & Stevenson D.	2019-02-15			
307	Plantae	Tracheophyta	Cycadopsida			Zamiaceae	Encephalartos		inopinus	R.A.Dyer		1	0	0	1			Calonje M., Stanberg L. & Stevenson D.	2019-02-15			
308	Plantae	Tracheophyta	Cycadopsida			Zamiaceae	Encephalartos		ituriensis	Bamps & Lisowski		1	0	0	1			Calonje M., Stanberg L. & Stevenson D.	2019-02-15			
310	Plantae	Tracheophyta	Cycadopsida			Zamiaceae	Encephalartos		kisambo	Faden & Beentje		1	0	0	1			Calonje M., Stanberg L. & Stevenson D.	2019-02-15			
312	Plantae	Tracheophyta	Cycadopsida			Zamiaceae	Encephalartos		laevifolius	Stapf & Burtt Davy		1	0	0	1			Calonje M., Stanberg L. & Stevenson D.	2019-02-15			
313	Plantae	Tracheophyta	Cycadopsida			Zamiaceae	Encephalartos		lanatus	Stapf & Burtt Davy		1	0	0	1			Calonje M., Stanberg L. & Stevenson D.	2019-02-15			
316	Plantae	Tracheophyta	Cycadopsida			Zamiaceae	Encephalartos		latifrons	Lehm.		1	0	0	1			Calonje M., Stanberg L. & Stevenson D.	2019-02-15			
317	Plantae	Tracheophyta	Cycadopsida			Zamiaceae	Encephalartos		laurentianus	De Wild.		1	0	0	1			Calonje M., Stanberg L. & Stevenson D.	2019-02-15			
318	Plantae	Tracheophyta	Cycadopsida			Zamiaceae	Encephalartos		lebomboensis	I.Verd.		1	0	0	1			Calonje M., Stanberg L. & Stevenson D.	2019-02-15			
319	Plantae	Tracheophyta	Cycadopsida			Zamiaceae	Encephalartos		lehmannii	Lehm.		1	0	0	1			Calonje M., Stanberg L. & Stevenson D.	2019-02-15			
321	Plantae	Tracheophyta	Cycadopsida			Zamiaceae	Encephalartos		longifolius	(Jacq.) Lehm.		1	0	0	1			Calonje M., Stanberg L. & Stevenson D.	2019-02-15			
728	Plantae	Tracheophyta	Cycadopsida			Zamiaceae	Encephalartos		mackenii	W.Bull		4	0	0	1			Calonje M., Stanberg L. & Stevenson D.	2019-02-15			
322	Plantae	Tracheophyta	Cycadopsida			Zamiaceae	Encephalartos		mackenziei	L.E.Newton		1	0	0	1			Calonje M., Stanberg L. & Stevenson D.	2019-02-15			
323	Plantae	Tracheophyta	Cycadopsida			Zamiaceae	Encephalartos		macrostrobilus	S.Jones & Wynants		1	0	0	1			Calonje M., Stanberg L. & Stevenson D.	2019-02-15			
730	Plantae	Tracheophyta	Cycadopsida			Zamiaceae	Encephalartos		majesticus	W.Bull		4	0	0	1			Calonje M., Stanberg L. & Stevenson D.	2019-02-15			
324	Plantae	Tracheophyta	Cycadopsida			Zamiaceae	Encephalartos		manikensis	(Gilliland) Gilliland		1	0	0	1			Calonje M., Stanberg L. & Stevenson D.	2019-02-15			
326	Plantae	Tracheophyta	Cycadopsida			Zamiaceae	Encephalartos		marunguensis	Devred		1	0	0	1			Calonje M., Stanberg L. & Stevenson D.	2019-02-15			
328	Plantae	Tracheophyta	Cycadopsida			Zamiaceae	Encephalartos		middelburgensis	Vorster, Robbertse & S.van der Westh.		1	0	0	1			Calonje M., Stanberg L. & Stevenson D.	2019-02-15			
329	Plantae	Tracheophyta	Cycadopsida			Zamiaceae	Encephalartos		msinganus	Vorster		1	0	0	1			Calonje M., Stanberg L. & Stevenson D.	2019-02-15			
330	Plantae	Tracheophyta	Cycadopsida			Zamiaceae	Encephalartos		munchii	R.A.Dyer & I.Verd.		1	0	0	1			Calonje M., Stanberg L. & Stevenson D.	2019-02-15			
332	Plantae	Tracheophyta	Cycadopsida			Zamiaceae	Encephalartos		natalensis	R.A.Dyer & I.Verd.		1	0	0	1			Calonje M., Stanberg L. & Stevenson D.	2019-02-15			
333	Plantae	Tracheophyta	Cycadopsida			Zamiaceae	Encephalartos		ngoyanus	I.Verd.		1	0	0	1			Calonje M., Stanberg L. & Stevenson D.	2019-02-15			
334	Plantae	Tracheophyta	Cycadopsida			Zamiaceae	Encephalartos		nubimontanus	P.J.H.Hurter		1	0	0	1			Calonje M., Stanberg L. & Stevenson D.	2019-02-15			
335	Plantae	Tracheophyta	Cycadopsida			Zamiaceae	Encephalartos		paucidentatus	Stapf & Burtt Davy		1	0	0	1			Calonje M., Stanberg L. & Stevenson D.	2019-02-15			
336	Plantae	Tracheophyta	Cycadopsida			Zamiaceae	Encephalartos		poggei	Asch.		1	0	0	1			Calonje M., Stanberg L. & Stevenson D.	2019-02-15			
337	Plantae	Tracheophyta	Cycadopsida			Zamiaceae	Encephalartos		princeps	R.A.Dyer		1	0	0	1			Calonje M., Stanberg L. & Stevenson D.	2019-02-15			
338	Plantae	Tracheophyta	Cycadopsida			Zamiaceae	Encephalartos		pterogonus	R.A.Dyer & I.Verd.		1	0	0	1			Calonje M., Stanberg L. & Stevenson D.	2019-02-15			
339	Plantae	Tracheophyta	Cycadopsida			Zamiaceae	Encephalartos		pungens	(L.f.) Lehm.		4	0	0	1			Calonje M., Stanberg L. & Stevenson D.	2019-02-15			
340	Plantae	Tracheophyta	Cycadopsida			Zamiaceae	Encephalartos		relictus	P.J.H.Hurter		1	0	0	1			Calonje M., Stanberg L. & Stevenson D.	2019-02-15			
341	Plantae	Tracheophyta	Cycadopsida			Zamiaceae	Encephalartos		schaijesii	Malaisse, Sclavo & Crosiers		1	0	0	1			Calonje M., Stanberg L. & Stevenson D.	2019-02-15			
342	Plantae	Tracheophyta	Cycadopsida			Zamiaceae	Encephalartos		schmitzii	Malaisse		1	0	0	1			Calonje M., Stanberg L. & Stevenson D.	2019-02-15			
343	Plantae	Tracheophyta	Cycadopsida			Zamiaceae	Encephalartos		sclavoi	A.Moretti, D.W.Stev. & De Luca		1	0	0	1			Calonje M., Stanberg L. & Stevenson D.	2019-02-15			
344	Plantae	Tracheophyta	Cycadopsida			Zamiaceae	Encephalartos		senticosus	Vorster		1	0	0	1			Calonje M., Stanberg L. & Stevenson D.	2019-02-15			
345	Plantae	Tracheophyta	Cycadopsida			Zamiaceae	Encephalartos		septentrionalis	Schweinf.		1	0	0	1			Calonje M., Stanberg L. & Stevenson D.	2019-02-15			
346	Plantae	Tracheophyta	Cycadopsida			Zamiaceae	Encephalartos		spinulosus	Lehm.		4	0	0	1			Calonje M., Stanberg L. & Stevenson D.	2019-02-15			
349	Plantae	Tracheophyta	Cycadopsida			Zamiaceae	Encephalartos		tegulaneus	Melville		1	0	0	1			Calonje M., Stanberg L. & Stevenson D.	2019-02-15			
351	Plantae	Tracheophyta	Cycadopsida			Zamiaceae	Encephalartos		transvenosus	Stapf & Burtt Davy		1	0	0	1			Calonje M., Stanberg L. & Stevenson D.	2019-02-15			
353	Plantae	Tracheophyta	Cycadopsida			Zamiaceae	Encephalartos		trispinosus	(Hook.) R.A.Dyer		1	0	0	1			Calonje M., Stanberg L. & Stevenson D.	2019-02-15			
354	Plantae	Tracheophyta	Cycadopsida			Zamiaceae	Encephalartos		turneri	Lavranos & D.L.Goode		1	0	0	1			Calonje M., Stanberg L. & Stevenson D.	2019-02-15			
355	Plantae	Tracheophyta	Cycadopsida			Zamiaceae	Encephalartos		umbeluziensis	R.A.Dyer		1	0	0	1			Calonje M., Stanberg L. & Stevenson D.	2019-02-15			
358	Plantae	Tracheophyta	Cycadopsida			Zamiaceae	Encephalartos		villosus	Lem.		1	0	0	1			Calonje M., Stanberg L. & Stevenson D.	2019-02-15			
360	Plantae	Tracheophyta	Cycadopsida			Zamiaceae	Encephalartos		whitelockii	P.J.H.Hurter		1	0	0	1			Calonje M., Stanberg L. & Stevenson D.	2019-02-15			
361	Plantae	Tracheophyta	Cycadopsida			Zamiaceae	Encephalartos		woodii	Sander ex J.M.Wood		1	0	0	1			Calonje M., Stanberg L. & Stevenson D.	2019-02-15			
371	Plantae	Tracheophyta	Cycadopsida			Zamiaceae	Lepidozamia		hopei	Regel		1	0	0	1			Calonje M., Stanberg L. & Stevenson D.	2019-02-15			
372	Plantae	Tracheophyta	Cycadopsida			Zamiaceae	Lepidozamia		peroffskyana	Regel		1	0	0	1			Calonje M., Stanberg L. & Stevenson D.	2019-02-15			
375	Plantae	Tracheophyta	Cycadopsida			Zamiaceae	Macrozamia		cardiacensis	P.I.Forst. & D.L.Jones		1	0	0	1			Calonje M., Stanberg L. & Stevenson D.	2019-02-15			
376	Plantae	Tracheophyta	Cycadopsida			Zamiaceae	Macrozamia		communis	L.A.S.Johnson		1	0	0	1			Calonje M., Stanberg L. & Stevenson D.	2019-02-15			
377	Plantae	Tracheophyta	Cycadopsida			Zamiaceae	Macrozamia		concinna	D.L.Jones		1	0	0	1			Calonje M., Stanberg L. & Stevenson D.	2019-02-15			
378	Plantae	Tracheophyta	Cycadopsida			Zamiaceae	Macrozamia		conferta	D.L.Jones & P.I.Forst.		1	0	0	1			Calonje M., Stanberg L. & Stevenson D.	2019-02-15			
380	Plantae	Tracheophyta	Cycadopsida			Zamiaceae	Macrozamia		cranei	D.L.Jones & P.I.Forst.		1	0	0	1			Calonje M., Stanberg L. & Stevenson D.	2019-02-15			
381	Plantae	Tracheophyta	Cycadopsida			Zamiaceae	Macrozamia		crassifolia	P.I.Forst. & D.L.Jones		1	0	0	1			Calonje M., Stanberg L. & Stevenson D.	2019-02-15			
615	Plantae	Tracheophyta	Cycadopsida			Zamiaceae	Macrozamia		cylindrica	W.Bull		4	0	0	1			Calonje M., Stanberg L. & Stevenson D.	2019-02-15			
384	Plantae	Tracheophyta	Cycadopsida			Zamiaceae	Macrozamia		diplomera	(F.Muell.) L.A.S.Johnson		1	0	0	1			Calonje M., Stanberg L. & Stevenson D.	2019-02-15			
385	Plantae	Tracheophyta	Cycadopsida			Zamiaceae	Macrozamia		douglasii	W.Hill ex F.M.Bailey		1	0	0	1			Calonje M., Stanberg L. & Stevenson D.	2019-02-15			
386	Plantae	Tracheophyta	Cycadopsida			Zamiaceae	Macrozamia		dyeri	(F.Muell.) C.A.Gardner		1	0	0	1			Calonje M., Stanberg L. & Stevenson D.	2019-02-15			
735	Plantae	Tracheophyta	Cycadopsida			Zamiaceae	Macrozamia		eburnea	W.Bull		4	0	0	1			Calonje M., Stanberg L. & Stevenson D.	2019-02-15			
387	Plantae	Tracheophyta	Cycadopsida			Zamiaceae	Macrozamia		elegans	K.D.Hill & D.L.Jones		1	0	0	1			Calonje M., Stanberg L. & Stevenson D.	2019-02-15			
734	Plantae	Tracheophyta	Cycadopsida			Zamiaceae	Macrozamia		elegantissima	W.Bull		4	0	0	1			Calonje M., Stanberg L. & Stevenson D.	2019-02-15			
388	Plantae	Tracheophyta	Cycadopsida			Zamiaceae	Macrozamia		fawcettii	C.Moore		1	0	0	1			Calonje M., Stanberg L. & Stevenson D.	2019-02-15			
389	Plantae	Tracheophyta	Cycadopsida			Zamiaceae	Macrozamia		fearnsidei	D.L.Jones		1	0	0	1			Calonje M., Stanberg L. & Stevenson D.	2019-02-15			
390	Plantae	Tracheophyta	Cycadopsida			Zamiaceae	Macrozamia		flexuosa	C.Moore		1	0	0	1			Calonje M., Stanberg L. & Stevenson D.	2019-02-15			
391	Plantae	Tracheophyta	Cycadopsida			Zamiaceae	Macrozamia		fraseri	Miq.		1	0	0	1			Calonje M., Stanberg L. & Stevenson D.	2019-02-15			
392	Plantae	Tracheophyta	Cycadopsida			Zamiaceae	Macrozamia		glaucophylla	D.L.Jones		1	0	0	1			Calonje M., Stanberg L. & Stevenson D.	2019-02-15			
393	Plantae	Tracheophyta	Cycadopsida			Zamiaceae	Macrozamia		heteromera	C.Moore		1	0	0	1			Calonje M., Stanberg L. & Stevenson D.	2019-02-15			
395	Plantae	Tracheophyta	Cycadopsida			Zamiaceae	Macrozamia		humilis	D.L.Jones		1	0	0	1			Calonje M., Stanberg L. & Stevenson D.	2019-02-15			
396	Plantae	Tracheophyta	Cycadopsida			Zamiaceae	Macrozamia		johnsonii	D.L.Jones & K.D.Hill		1	0	0	1			Calonje M., Stanberg L. & Stevenson D.	2019-02-15			
397	Plantae	Tracheophyta	Cycadopsida			Zamiaceae	Macrozamia		lomandroides	D.L.Jones		1	0	0	1			Calonje M., Stanberg L. & Stevenson D.	2019-02-15			
398	Plantae	Tracheophyta	Cycadopsida			Zamiaceae	Macrozamia		longispina	P.I.Forst. & D.L.Jones		1	0	0	1			Calonje M., Stanberg L. & Stevenson D.	2019-02-15			
399	Plantae	Tracheophyta	Cycadopsida			Zamiaceae	Macrozamia		lucida	L.A.S.Johnson		1	0	0	1			Calonje M., Stanberg L. & Stevenson D.	2019-02-15			
400	Plantae	Tracheophyta	Cycadopsida			Zamiaceae	Macrozamia		macdonnellii	(F.Muell. ex Miq.) A.DC.		1	0	0	1			Calonje M., Stanberg L. & Stevenson D.	2019-02-15			
401	Plantae	Tracheophyta	Cycadopsida			Zamiaceae	Macrozamia		machinii	P.I.Forst. & D.L.Jones		1	0	0	1			Calonje M., Stanberg L. & Stevenson D.	2019-02-15			
403	Plantae	Tracheophyta	Cycadopsida			Zamiaceae	Macrozamia		macleayi	Miq.		1	0	0	1			Calonje M., Stanberg L. & Stevenson D.	2019-02-15			
404	Plantae	Tracheophyta	Cycadopsida			Zamiaceae	Macrozamia		miquelii	(F.Muell.) A.DC.		1	0	0	1			Calonje M., Stanberg L. & Stevenson D.	2019-02-15			
405	Plantae	Tracheophyta	Cycadopsida			Zamiaceae	Macrozamia		montana	K.D.Hill		1	0	0	1			Calonje M., Stanberg L. & Stevenson D.	2019-02-15			
406	Plantae	Tracheophyta	Cycadopsida			Zamiaceae	Macrozamia		moorei	F.Muell.		1	0	0	1			Calonje M., Stanberg L. & Stevenson D.	2019-02-15			
407	Plantae	Tracheophyta	Cycadopsida			Zamiaceae	Macrozamia		mountperriensis	F.M.Bailey		1	0	0	1			Calonje M., Stanberg L. & Stevenson D.	2019-02-15			
408	Plantae	Tracheophyta	Cycadopsida			Zamiaceae	Macrozamia		occidua	D.L.Jones & P.I.Forst.		1	0	0	1			Calonje M., Stanberg L. & Stevenson D.	2019-02-15			
410	Plantae	Tracheophyta	Cycadopsida			Zamiaceae	Macrozamia		parcifolia	P.I.Forst. & D.L.Jones		1	0	0	1			Calonje M., Stanberg L. & Stevenson D.	2019-02-15			
411	Plantae	Tracheophyta	Cycadopsida			Zamiaceae	Macrozamia		pauli-guilielmi	W.Hill & F.Muell.		1	0	0	1			Calonje M., Stanberg L. & Stevenson D.	2019-02-15			
415	Plantae	Tracheophyta	Cycadopsida			Zamiaceae	Macrozamia		platyrhachis	F.M.Bailey		1	0	0	1			Calonje M., Stanberg L. & Stevenson D.	2019-02-15			
616	Plantae	Tracheophyta	Cycadopsida			Zamiaceae	Macrozamia		plumosa	W.Bull		4	0	0	1			Calonje M., Stanberg L. & Stevenson D.	2019-02-15			
416	Plantae	Tracheophyta	Cycadopsida			Zamiaceae	Macrozamia		plurinervia	(L.A.S.Johnson) D.L.Jones		1	0	0	1			Calonje M., Stanberg L. & Stevenson D.	2019-02-15			
417	Plantae	Tracheophyta	Cycadopsida			Zamiaceae	Macrozamia		polymorpha	D.L.Jones		1	0	0	1			Calonje M., Stanberg L. & Stevenson D.	2019-02-15			
419	Plantae	Tracheophyta	Cycadopsida			Zamiaceae	Macrozamia		reducta	K.D.Hill & D.L.Jones		1	0	0	1			Calonje M., Stanberg L. & Stevenson D.	2019-02-15			
420	Plantae	Tracheophyta	Cycadopsida			Zamiaceae	Macrozamia		riedlei	(Gaudich.) C.A.Gardner		1	0	0	1			Calonje M., Stanberg L. & Stevenson D.	2019-02-15			
421	Plantae	Tracheophyta	Cycadopsida			Zamiaceae	Macrozamia		secunda	C.Moore		1	0	0	1			Calonje M., Stanberg L. & Stevenson D.	2019-02-15			
422	Plantae	Tracheophyta	Cycadopsida			Zamiaceae	Macrozamia		serpentina	D.L.Jones & P.I.Forst.		1	0	0	1			Calonje M., Stanberg L. & Stevenson D.	2019-02-15			
423	Plantae	Tracheophyta	Cycadopsida			Zamiaceae	Macrozamia		spiralis	(Salisb.) Miq.		1	0	0	1			Calonje M., Stanberg L. & Stevenson D.	2019-02-15			
424	Plantae	Tracheophyta	Cycadopsida			Zamiaceae	Macrozamia		stenomera	L.A.S.Johnson		1	0	0	1			Calonje M., Stanberg L. & Stevenson D.	2019-02-15			
425	Plantae	Tracheophyta	Cycadopsida			Zamiaceae	Macrozamia		viridis	D.L.Jones & P.I.Forst.		1	0	0	1			Calonje M., Stanberg L. & Stevenson D.	2019-02-15			
427	Plantae	Tracheophyta	Cycadopsida			Zamiaceae	Microcycas		calocoma	(Miq.) A.DC.		1	0	0	1			Calonje M., Stanberg L. & Stevenson D.	2019-02-15			
430	Plantae	Tracheophyta	Cycadopsida			Zamiaceae	Stangeria		eriopus	(Kunze) Baill.		1	0	0	1			Calonje M., Stanberg L. & Stevenson D.	2019-02-15			
436	Plantae	Tracheophyta	Cycadopsida			Zamiaceae	Zamia		acuminata	Oerst. ex Dyer		1	0	0	1			Calonje M., Stanberg L. & Stevenson D.	2019-02-15			
438	Plantae	Tracheophyta	Cycadopsida			Zamiaceae	Zamia		amazonum	D.W.Stev.		1	0	0	1			Calonje M., Stanberg L. & Stevenson D.	2019-02-15			
440	Plantae	Tracheophyta	Cycadopsida			Zamiaceae	Zamia		amplifolia	W.Bull ex Mast.		1	0	0	1			Calonje M., Stanberg L. & Stevenson D.	2019-02-15			
441	Plantae	Tracheophyta	Cycadopsida			Zamiaceae	Zamia		angustifolia	Jacq.		1	0	0	1			Calonje M., Stanberg L. & Stevenson D.	2019-02-15			
444	Plantae	Tracheophyta	Cycadopsida			Zamiaceae	Zamia		boliviana	(Brongn.) A.DC.		1	0	0	1			Calonje M., Stanberg L. & Stevenson D.	2019-02-15			
449	Plantae	Tracheophyta	Cycadopsida			Zamiaceae	Zamia		chigua	Seem.		1	0	0	1			Calonje M., Stanberg L. & Stevenson D.	2019-02-15			
450	Plantae	Tracheophyta	Cycadopsida			Zamiaceae	Zamia		cremnophila	Vovides, Schutzman & Dehgan		1	0	0	1			Calonje M., Stanberg L. & Stevenson D.	2019-02-15			
451	Plantae	Tracheophyta	Cycadopsida			Zamiaceae	Zamia		cunaria	Dressler & D.W.Stev.		1	0	0	1			Calonje M., Stanberg L. & Stevenson D.	2019-02-15			
458	Plantae	Tracheophyta	Cycadopsida			Zamiaceae	Zamia		decumbens	Calonje, Meerman, M.P.Griff. & Hoese		1	0	0	1			Calonje M., Stanberg L. & Stevenson D.	2019-02-15			
460	Plantae	Tracheophyta	Cycadopsida			Zamiaceae	Zamia		disodon	D.W.Stev. & Sabato		1	0	0	1			Calonje M., Stanberg L. & Stevenson D.	2019-02-15			
461	Plantae	Tracheophyta	Cycadopsida			Zamiaceae	Zamia		dressleri	D.W.Stev.		1	0	0	1			Calonje M., Stanberg L. & Stevenson D.	2019-02-15			
462	Plantae	Tracheophyta	Cycadopsida			Zamiaceae	Zamia		elegantissima	Schutzman, Vovides & R.S.Adams		1	0	0	1			Calonje M., Stanberg L. & Stevenson D.	2019-02-15			
463	Plantae	Tracheophyta	Cycadopsida			Zamiaceae	Zamia		encephalartoides	D.W.Stev.		1	0	0	1			Calonje M., Stanberg L. & Stevenson D.	2019-02-15			
464	Plantae	Tracheophyta	Cycadopsida			Zamiaceae	Zamia		erosa	O.F.Cook & G.N.Collins		1	0	0	1			Calonje M., Stanberg L. & Stevenson D.	2019-02-15			
465	Plantae	Tracheophyta	Cycadopsida			Zamiaceae	Zamia		fairchildiana	L.D.Gómez		1	0	0	1			Calonje M., Stanberg L. & Stevenson D.	2019-02-15			
466	Plantae	Tracheophyta	Cycadopsida			Zamiaceae	Zamia		fischeri	Miq.		1	0	0	1			Calonje M., Stanberg L. & Stevenson D.	2019-02-15			
468	Plantae	Tracheophyta	Cycadopsida			Zamiaceae	Zamia		furfuracea	L.f.		1	0	0	1			Calonje M., Stanberg L. & Stevenson D.	2019-02-15			
471	Plantae	Tracheophyta	Cycadopsida			Zamiaceae	Zamia		gentryi	Dodson		1	0	0	1			Calonje M., Stanberg L. & Stevenson D.	2019-02-15			
472	Plantae	Tracheophyta	Cycadopsida			Zamiaceae	Zamia		gomeziana	R.H.Acuña		1	0	0	1			Calonje M., Stanberg L. & Stevenson D.	2019-02-15			
473	Plantae	Tracheophyta	Cycadopsida			Zamiaceae	Zamia		grijalvensis	Pérez-Farr., Vovides & Mart.-Camilo		1	0	0	1			Calonje M., Stanberg L. & Stevenson D.	2019-02-15			
476	Plantae	Tracheophyta	Cycadopsida			Zamiaceae	Zamia		hamannii	A.S.Taylor, J.L.Haynes & Holzman		1	0	0	1			Calonje M., Stanberg L. & Stevenson D.	2019-02-15			
477	Plantae	Tracheophyta	Cycadopsida			Zamiaceae	Zamia		herrerae	S.Calderón & Standl.		1	0	0	1			Calonje M., Stanberg L. & Stevenson D.	2019-02-15			
479	Plantae	Tracheophyta	Cycadopsida			Zamiaceae	Zamia		huilensis	Calonje, H.E.Esquivel & D.W.Stev.		1	0	0	1			Calonje M., Stanberg L. & Stevenson D.	2019-02-15			
481	Plantae	Tracheophyta	Cycadopsida			Zamiaceae	Zamia		hymenophyllidia	D.W.Stev.		1	0	0	1			Calonje M., Stanberg L. & Stevenson D.	2019-02-15			
482	Plantae	Tracheophyta	Cycadopsida			Zamiaceae	Zamia		imperialis	A.S.Taylor, J.L.Haynes & Holzman		1	0	0	1			Calonje M., Stanberg L. & Stevenson D.	2019-02-15			
483	Plantae	Tracheophyta	Cycadopsida			Zamiaceae	Zamia		incognita	A.Lindstr. & Idárraga		1	0	0	1			Calonje M., Stanberg L. & Stevenson D.	2019-02-15			
484	Plantae	Tracheophyta	Cycadopsida			Zamiaceae	Zamia		inermis	Vovides, J.D.Rees & Vázq.Torres		1	0	0	1			Calonje M., Stanberg L. & Stevenson D.	2019-02-15			
485	Plantae	Tracheophyta	Cycadopsida			Zamiaceae	Zamia		integrifolia	L.f.		1	0	0	1			Calonje M., Stanberg L. & Stevenson D.	2019-02-15			
486	Plantae	Tracheophyta	Cycadopsida			Zamiaceae	Zamia		ipetiensis	D.W.Stev.		1	0	0	1			Calonje M., Stanberg L. & Stevenson D.	2019-02-15			
488	Plantae	Tracheophyta	Cycadopsida			Zamiaceae	Zamia		katzeriana	(Regel) E.Rettig		1	0	0	1			Calonje M., Stanberg L. & Stevenson D.	2019-02-15			
490	Plantae	Tracheophyta	Cycadopsida			Zamiaceae	Zamia		lacandona	Schutzman & Vovides		1	0	0	1			Calonje M., Stanberg L. & Stevenson D.	2019-02-15			
496	Plantae	Tracheophyta	Cycadopsida			Zamiaceae	Zamia		lecointei	Ducke		1	0	0	1			Calonje M., Stanberg L. & Stevenson D.	2019-02-15			
500	Plantae	Tracheophyta	Cycadopsida			Zamiaceae	Zamia		lindenii	Regel ex André		1	0	0	1			Calonje M., Stanberg L. & Stevenson D.	2019-02-15			
501	Plantae	Tracheophyta	Cycadopsida			Zamiaceae	Zamia		lindleyi	Warsz. ex A.Dietr.		1	0	0	1			Calonje M., Stanberg L. & Stevenson D.	2019-02-15			
826	Plantae	Tracheophyta	Cycadopsida			Zamiaceae	Zamia		lindosensis	D.W.Stev., D.Cárdenas & N.Castaño		1	0	0	1			Calonje M., Stanberg L. & Stevenson D.	2019-02-15			
502	Plantae	Tracheophyta	Cycadopsida			Zamiaceae	Zamia		loddigesii	Miq.		1	0	0	1			Calonje M., Stanberg L. & Stevenson D.	2019-02-15			
507	Plantae	Tracheophyta	Cycadopsida			Zamiaceae	Zamia		lucayana	Britton		1	0	0	1			Calonje M., Stanberg L. & Stevenson D.	2019-02-15			
508	Plantae	Tracheophyta	Cycadopsida			Zamiaceae	Zamia		macrochiera	D.W.Stev.		1	0	0	1			Calonje M., Stanberg L. & Stevenson D.	2019-02-15			
511	Plantae	Tracheophyta	Cycadopsida			Zamiaceae	Zamia		manicata	Linden ex Regel		1	0	0	1			Calonje M., Stanberg L. & Stevenson D.	2019-02-15			
513	Plantae	Tracheophyta	Cycadopsida			Zamiaceae	Zamia		meermanii	Calonje		1	0	0	1			Calonje M., Stanberg L. & Stevenson D.	2019-02-15			
514	Plantae	Tracheophyta	Cycadopsida			Zamiaceae	Zamia		melanorrhachis	D.W.Stev.		1	0	0	1			Calonje M., Stanberg L. & Stevenson D.	2019-02-15			
737	Plantae	Tracheophyta	Cycadopsida			Zamiaceae	Zamia		miquelii	W.Bull		4	0	0	1			Calonje M., Stanberg L. & Stevenson D.	2019-02-15			
516	Plantae	Tracheophyta	Cycadopsida			Zamiaceae	Zamia		montana	Braun		1	0	0	1			Calonje M., Stanberg L. & Stevenson D.	2019-02-15			
517	Plantae	Tracheophyta	Cycadopsida			Zamiaceae	Zamia		monticola	Chamb.		1	0	0	1			Calonje M., Stanberg L. & Stevenson D.	2019-02-15			
519	Plantae	Tracheophyta	Cycadopsida			Zamiaceae	Zamia		muricata	Willd.		1	0	0	1			Calonje M., Stanberg L. & Stevenson D.	2019-02-15			
434	Plantae	Tracheophyta	Cycadopsida			Zamiaceae	Zamia		nana	A.Lindstr., Calonje, D.W.Stev. & A.S.Taylor		1	0	0	1			Calonje M., Stanberg L. & Stevenson D.	2019-02-15			
522	Plantae	Tracheophyta	Cycadopsida			Zamiaceae	Zamia		nesophila	A.S.Taylor, J.L.Haynes & Holzman		1	0	0	1			Calonje M., Stanberg L. & Stevenson D.	2019-02-15			
523	Plantae	Tracheophyta	Cycadopsida			Zamiaceae	Zamia		neurophyllidia	D.W.Stev.		1	0	0	1			Calonje M., Stanberg L. & Stevenson D.	2019-02-15			
524	Plantae	Tracheophyta	Cycadopsida			Zamiaceae	Zamia		noeffiana	Linden ex Wittm.		4	0	0	1			Calonje M., Stanberg L. & Stevenson D.	2019-02-15			
526	Plantae	Tracheophyta	Cycadopsida			Zamiaceae	Zamia		obliqua	A.Braun		1	0	0	1			Calonje M., Stanberg L. & Stevenson D.	2019-02-15			
528	Plantae	Tracheophyta	Cycadopsida			Zamiaceae	Zamia		oligodonta	E.Calderón & D.W.Stev.		1	0	0	1			Calonje M., Stanberg L. & Stevenson D.	2019-02-15			
529	Plantae	Tracheophyta	Cycadopsida			Zamiaceae	Zamia		onan-reyesii	C.Nelson & Sandoval		1	0	0	1			Calonje M., Stanberg L. & Stevenson D.	2019-02-15			
530	Plantae	Tracheophyta	Cycadopsida			Zamiaceae	Zamia		oreillyi	C.Nelson		1	0	0	1			Calonje M., Stanberg L. & Stevenson D.	2019-02-15			
830	Plantae	Tracheophyta	Cycadopsida			Zamiaceae	Zamia		paucifoliolata	Calonje		1	0	0	1			Calonje M., Stanberg L. & Stevenson D.	2019-02-15			
533	Plantae	Tracheophyta	Cycadopsida			Zamiaceae	Zamia		paucijuga	Wieland		1	0	0	1			Calonje M., Stanberg L. & Stevenson D.	2019-02-15			
535	Plantae	Tracheophyta	Cycadopsida			Zamiaceae	Zamia		poeppigiana	Mart. & Eichler		1	0	0	1			Calonje M., Stanberg L. & Stevenson D.	2019-02-15			
537	Plantae	Tracheophyta	Cycadopsida			Zamiaceae	Zamia		portoricensis	Urb.		1	0	0	1			Calonje M., Stanberg L. & Stevenson D.	2019-02-15			
538	Plantae	Tracheophyta	Cycadopsida			Zamiaceae	Zamia		potemkinii	Hort. ex Miq.		4	0	0	1			Calonje M., Stanberg L. & Stevenson D.	2019-02-15			
539	Plantae	Tracheophyta	Cycadopsida			Zamiaceae	Zamia		prasina	W.Bull		1	0	0	1			Calonje M., Stanberg L. & Stevenson D.	2019-02-15			
540	Plantae	Tracheophyta	Cycadopsida			Zamiaceae	Zamia		pseudomonticola	L.D.Gómez ex D.W.Stev. & Sabato		1	0	0	1			Calonje M., Stanberg L. & Stevenson D.	2019-02-15			
541	Plantae	Tracheophyta	Cycadopsida			Zamiaceae	Zamia		pseudoparasitica	J.Yates		1	0	0	1			Calonje M., Stanberg L. & Stevenson D.	2019-02-15			
542	Plantae	Tracheophyta	Cycadopsida			Zamiaceae	Zamia		pumila	L.		1	0	0	1			Calonje M., Stanberg L. & Stevenson D.	2019-02-15			
544	Plantae	Tracheophyta	Cycadopsida			Zamiaceae	Zamia		purpurea	Vovides, J.D.Rees & Vázq.Torres		1	0	0	1			Calonje M., Stanberg L. & Stevenson D.	2019-02-15			
545	Plantae	Tracheophyta	Cycadopsida			Zamiaceae	Zamia		pygmaea	Sims		1	0	0	1			Calonje M., Stanberg L. & Stevenson D.	2019-02-15			
546	Plantae	Tracheophyta	Cycadopsida			Zamiaceae	Zamia		pyrophylla	Calonje, D.W.Stev. & A.Lindstr.		1	0	0	1			Calonje M., Stanberg L. & Stevenson D.	2019-02-15			
547	Plantae	Tracheophyta	Cycadopsida			Zamiaceae	Zamia		restrepoi	(D.W.Stev.) A.Lindstr.		1	0	0	1			Calonje M., Stanberg L. & Stevenson D.	2019-02-15			
548	Plantae	Tracheophyta	Cycadopsida			Zamiaceae	Zamia		roezlii	Linden		1	0	0	1			Calonje M., Stanberg L. & Stevenson D.	2019-02-15			
549	Plantae	Tracheophyta	Cycadopsida			Zamiaceae	Zamia		sandovalii	C.Nelson		1	0	0	1			Calonje M., Stanberg L. & Stevenson D.	2019-02-15			
552	Plantae	Tracheophyta	Cycadopsida			Zamiaceae	Zamia		skinneri	Warsz. ex A.Dietr.		1	0	0	1			Calonje M., Stanberg L. & Stevenson D.	2019-02-15			
553	Plantae	Tracheophyta	Cycadopsida			Zamiaceae	Zamia		soconuscensis	Schutzman, Vovides & Dehgan		1	0	0	1			Calonje M., Stanberg L. & Stevenson D.	2019-02-15			
554	Plantae	Tracheophyta	Cycadopsida			Zamiaceae	Zamia		spartea	A.DC.		1	0	0	1			Calonje M., Stanberg L. & Stevenson D.	2019-02-15			
555	Plantae	Tracheophyta	Cycadopsida			Zamiaceae	Zamia		splendens	Schutzman		1	0	0	1			Calonje M., Stanberg L. & Stevenson D.	2019-02-15			
556	Plantae	Tracheophyta	Cycadopsida			Zamiaceae	Zamia		standleyi	Schutzman		1	0	0	1			Calonje M., Stanberg L. & Stevenson D.	2019-02-15			
557	Plantae	Tracheophyta	Cycadopsida			Zamiaceae	Zamia		stevensonii	A.S.Taylor & Holzman		1	0	0	1			Calonje M., Stanberg L. & Stevenson D.	2019-02-15			
558	Plantae	Tracheophyta	Cycadopsida			Zamiaceae	Zamia		stricta	Miq.		1	0	0	1			Calonje M., Stanberg L. & Stevenson D.	2019-02-15			
729	Plantae	Tracheophyta	Cycadopsida			Zamiaceae	Zamia		tenuifolia	W.Bull		4	0	0	1			Calonje M., Stanberg L. & Stevenson D.	2019-02-15			
561	Plantae	Tracheophyta	Cycadopsida			Zamiaceae	Zamia		tolimensis	Calonje, H.E.Esquivel & D.W.Stev.		1	0	0	1			Calonje M., Stanberg L. & Stevenson D.	2019-02-15			
587	Plantae	Tracheophyta	Cycadopsida			Zamiaceae	Zamia		tridentata	Willd.		4	0	0	1			Calonje M., Stanberg L. & Stevenson D.	2019-02-15			
562	Plantae	Tracheophyta	Cycadopsida			Zamiaceae	Zamia		tuerckheimii	Donn.Sm.		1	0	0	1			Calonje M., Stanberg L. & Stevenson D.	2019-02-15			
563	Plantae	Tracheophyta	Cycadopsida			Zamiaceae	Zamia		ulei	Dammer		1	0	0	1			Calonje M., Stanberg L. & Stevenson D.	2019-02-15			
565	Plantae	Tracheophyta	Cycadopsida			Zamiaceae	Zamia		urep	B.Walln.		1	0	0	1			Calonje M., Stanberg L. & Stevenson D.	2019-02-15			
566	Plantae	Tracheophyta	Cycadopsida			Zamiaceae	Zamia		variegata	Warsz.		1	0	0	1			Calonje M., Stanberg L. & Stevenson D.	2019-02-15			
567	Plantae	Tracheophyta	Cycadopsida			Zamiaceae	Zamia		vazquezii	D.W.Stev., Sabato & De Luca		1	0	0	1			Calonje M., Stanberg L. & Stevenson D.	2019-02-15			
569	Plantae	Tracheophyta	Cycadopsida			Zamiaceae	Zamia		verschaffeltii	Miq.		4	0	0	1			Calonje M., Stanberg L. & Stevenson D.	2019-02-15			
8	Plantae	Tracheophyta	Cycadopsida			Zamiaceae	Zamia		wallisii	Braun		1	0	0	1			Calonje M., Stanberg L. & Stevenson D.	2019-02-15			
